ID,SystemCodeNumber,LotID,DateTime,Capacity,Occupancy,OccupancyRate,QueueLength,VehicleType,TrafficConditionNearby,IsSpecialDay,Hour,Model1_Price,Model2_Price,Model3_Price,Routing_Suggestion,TrafficLevel_Encoded,VehicleWeight,IsPeakHour,RealtimePrice_Demand,RealtimePrice_Competitive
0,BHMBCCMKT01,0,2016-10-04 07:59:00,577,61,10.571923743500866,1,car,low,0,7,10.211438474870018,10.780387410736925,10.780387410736925,,1,1.0,0,10.78,10.78
5248,BHMNCPHST01,4,2016-10-04 07:59:00,1200,237,19.75,2,bike,low,0,7,10.395,11.18130012146575,11.617030857624185,,1,0.7,0,11.18,11.18
3936,BHMMBMMBX01,3,2016-10-04 07:59:00,687,264,38.42794759825328,2,car,low,0,7,10.768558951965066,12.012946343597497,12.012946343597497,,1,1.0,0,12.01,12.01
6560,BHMNCPNST01,5,2016-10-04 07:59:00,485,249,51.340206185567006,2,car,low,0,7,11.02680412371134,12.488353534789631,12.488353534789631,,1,1.0,0,12.49,12.49
17056,Shopping,13,2016-10-04 07:59:00,1920,614,31.979166666666664,2,cycle,low,0,7,10.639583333333333,11.578201676183506,11.578201676183506,,1,0.5,0,11.58,11.58
2624,BHMEURBRD01,2,2016-10-04 07:59:00,470,117,24.8936170212766,2,car,low,0,7,10.497872340425532,11.49786391236885,11.49786391236885,,1,1.0,0,11.5,11.5
7872,Broad Street,6,2016-10-04 07:59:00,690,178,25.79710144927536,2,car,low,0,7,10.515942028985506,11.532706673154834,11.532706673154834,,1,1.0,0,11.53,11.53
14432,Others-CCCPS8,11,2016-10-04 07:59:00,1322,445,33.66111951588503,3,bike,average,0,7,10.6732223903177,12.427530631004675,12.427530631004675,,2,0.7,0,12.43,12.43
9184,Others-CCCPS105a,7,2016-10-04 07:59:00,2009,709,35.29118964659034,2,car,low,0,7,10.705823792931806,11.894963848865023,11.894963848865023,,1,1.0,0,11.89,11.89
10496,Others-CCCPS119a,8,2016-10-04 07:59:00,2803,195,6.956831965750982,1,car,low,0,7,10.13913663931502,10.636922406018805,11.224692006625524,,1,1.0,0,10.64,10.64
1312,BHMBCCTHL01,1,2016-10-04 07:59:00,387,120,31.00775193798449,2,car,low,0,7,10.62015503875969,11.732440030527142,11.732440030527142,,1,1.0,0,11.73,11.73
11808,Others-CCCPS135a,9,2016-10-04 07:59:00,3883,1081,27.839299510687614,2,car,low,0,7,10.556785990213752,11.61123978716294,11.61123978716294,,1,1.0,0,11.61,11.61
13120,Others-CCCPS202,10,2016-10-04 07:59:00,2937,547,18.62444671433436,2,bike,low,0,7,10.372488934286688,11.13722349963222,11.597000662296134,,1,0.7,0,11.14,11.14
15744,Others-CCCPS98,12,2016-10-04 07:59:00,3103,588,18.94940380277151,2,car,average,0,7,10.37898807605543,11.844223919821252,11.844223919821252,,2,1.0,0,11.84,11.84
14433,Others-CCCPS8,11,2016-10-04 08:25:00,1322,478,36.157337367624805,2,truck,low,0,8,11.396369137670195,12.83743702216206,12.83743702216206,,1,1.5,1,12.84,12.64
6561,BHMNCPNST01,5,2016-10-04 08:25:00,485,267,55.05154639175258,2,truck,low,0,8,12.127835051546391,13.474877603908288,13.474877603908288,,1,1.5,1,13.47,12.98
9185,Others-CCCPS105a,7,2016-10-04 08:25:00,2009,780,38.8252862120458,3,car,average,0,8,11.482329517172722,13.402280180741082,13.402280180741082,,2,1.0,1,13.4,12.64
13121,Others-CCCPS202,10,2016-10-04 08:25:00,2937,665,22.642151855635,2,car,low,0,8,10.825331971399388,12.16998632175236,12.16998632175236,,1,1.0,1,12.17,11.66
11809,Others-CCCPS135a,9,2016-10-04 08:25:00,3883,1467,37.78006695853721,3,bike,low,0,8,11.312387329384496,12.753960412623274,12.753960412623274,,1,0.7,1,12.75,12.18
1313,BHMBCCTHL01,1,2016-10-04 08:25:00,387,129,33.33333333333333,2,car,average,0,8,11.286821705426355,13.085109795267249,13.085109795267249,,2,1.0,1,13.09,12.41
3937,BHMMBMMBX01,3,2016-10-04 08:25:00,687,302,43.95924308588064,1,car,low,0,8,11.64774381368268,12.795453247495104,12.795453247495104,,1,1.0,1,12.8,12.4
2625,BHMEURBRD01,2,2016-10-04 08:25:00,470,174,37.02127659574468,1,bike,low,0,8,11.238297872340423,12.44060327459573,12.44060327459573,,1,0.7,1,12.44,11.97
15745,Others-CCCPS98,12,2016-10-04 08:25:00,3103,678,21.84982275217532,3,bike,average,0,8,10.815984531098936,12.721107809779742,12.721107809779742,,2,0.7,1,12.72,12.28
7873,Broad Street,6,2016-10-04 08:25:00,690,269,38.98550724637681,2,car,low,0,8,11.295652173913044,12.761201635806492,12.761201635806492,,1,1.0,1,12.76,12.14
10497,Others-CCCPS119a,8,2016-10-04 08:25:00,2803,238,8.49090260435248,2,car,average,0,8,10.308954691402068,12.201402105045672,12.201402105045672,,2,1.0,1,12.2,11.42
17057,Shopping,13,2016-10-04 08:25:00,1920,761,39.63541666666666,2,car,low,0,8,11.432291666666666,12.784075363718715,12.784075363718715,,1,1.0,1,12.78,12.18
5249,BHMNCPHST01,4,2016-10-04 08:25:00,1200,315,26.25,2,bike,low,0,8,10.92,12.192492711686132,12.192492711686132,,1,0.7,1,12.19,11.68
1,BHMBCCMKT01,0,2016-10-04 08:25:00,577,64,11.091854419410744,1,car,low,0,8,10.433275563258231,11.582533283303857,11.582533283303857,,1,1.0,1,11.58,11.18
14434,Others-CCCPS8,11,2016-10-04 08:59:00,1322,518,39.183055975794254,3,car,average,0,8,12.180030257186084,13.41399369273153,13.41399369273153,,2,1.0,1,13.41,12.89
1314,BHMBCCTHL01,1,2016-10-04 08:59:00,387,155,40.05167958656331,2,car,low,0,8,12.087855297157622,12.79869871409752,12.79869871409752,,1,1.0,1,12.8,12.54
10498,Others-CCCPS119a,8,2016-10-04 08:59:00,2803,323,11.52336782019265,2,car,low,0,8,10.53942204780592,11.752086439443906,11.752086439443906,,1,1.0,1,11.75,11.53
17058,Shopping,13,2016-10-04 08:59:00,1920,958,49.895833333333336,2,car,low,0,8,12.430208333333333,13.13815407752472,13.13815407752472,,1,1.0,1,13.14,12.5
11810,Others-CCCPS135a,9,2016-10-04 08:59:00,3883,2007,51.6868400721092,2,car,low,0,8,12.34612413082668,13.198556891592672,13.198556891592672,,1,1.0,1,13.2,12.52
7874,Broad Street,6,2016-10-04 08:59:00,690,415,60.14492753623188,3,bike,low,0,8,12.49855072463768,13.510276980909287,13.510276980909287,,1,0.7,1,13.51,12.6
6562,BHMNCPNST01,5,2016-10-04 08:59:00,485,278,57.319587628865975,2,car,low,0,8,13.27422680412371,13.385693010592693,13.385693010592693,,1,1.0,1,13.39,13.12
2626,BHMEURBRD01,2,2016-10-04 08:59:00,470,269,57.234042553191486,2,truck,low,0,8,12.382978723404255,13.545369805391196,13.545369805391196,,1,1.5,1,13.55,12.5
3938,BHMMBMMBX01,3,2016-10-04 08:59:00,687,346,50.36390101892285,2,truck,low,0,8,12.655021834061136,13.321211927294623,13.321211927294623,,1,1.5,1,13.32,12.71
2,BHMBCCMKT01,0,2016-10-04 08:59:00,577,80,13.864818024263432,2,car,low,0,8,10.7105719237435,11.841019982700558,11.841019982700558,,1,1.0,1,11.84,11.4
15746,Others-CCCPS98,12,2016-10-04 08:59:00,3103,792,25.523686754753463,3,car,low,0,8,11.326458266194004,12.422538454282163,12.422538454282163,,1,1.0,1,12.42,12.33
5250,BHMNCPHST01,4,2016-10-04 08:59:00,1200,441,36.75,2,car,low,0,8,11.655,12.68213211387385,12.68213211387385,,1,1.0,1,12.68,12.02
13122,Others-CCCPS202,10,2016-10-04 08:59:00,2937,848,28.87299965951652,2,bike,low,0,8,11.40279196458972,12.28917911862758,12.28917911862758,,1,0.7,1,12.29,11.87
9186,Others-CCCPS105a,7,2016-10-04 08:59:00,2009,864,43.00647088103534,2,car,low,0,8,12.342458934793427,12.901884521715871,12.901884521715871,,1,1.0,1,12.9,12.73
2627,BHMEURBRD01,2,2016-10-04 09:32:00,470,351,74.68085106382979,3,cycle,low,0,9,13.87659574468085,13.903832146498074,13.903832146498074,,1,0.5,1,13.9,13.3
1315,BHMBCCTHL01,1,2016-10-04 09:32:00,387,204,52.71317829457365,2,cycle,low,0,9,13.142118863049095,13.063967489427714,13.063967489427714,,1,0.5,1,13.06,12.98
13123,Others-CCCPS202,10,2016-10-04 09:32:00,2937,1036,35.27408920667347,3,car,low,0,9,12.108273748723189,12.771364710413238,12.771364710413238,,1,1.0,1,12.77,12.41
14435,Others-CCCPS8,11,2016-10-04 09:32:00,1322,590,44.62934947049924,3,cycle,low,0,9,13.072617246596067,12.923496917775338,12.923496917775338,,1,0.5,1,12.92,13.06
7875,Broad Street,6,2016-10-04 09:32:00,690,530,76.81159420289855,2,car,low,0,9,14.034782608695652,13.998510775320286,13.998510775320286,,1,1.0,1,14.0,13.42
15747,Others-CCCPS98,12,2016-10-04 09:32:00,3103,932,30.03544956493716,3,car,low,0,9,11.927167257492748,12.585320514628808,12.585320514628808,,1,1.0,1,12.59,12.58
10499,Others-CCCPS119a,8,2016-10-04 09:32:00,2803,420,14.983945772386727,2,bike,low,0,9,10.839100963253657,11.76961700650727,11.76961700650727,,1,0.7,1,11.77,11.91
9187,Others-CCCPS105a,7,2016-10-04 09:32:00,2009,1004,49.97511199601792,3,car,low,0,9,13.341961174713788,13.275102537599189,13.275102537599189,,1,1.0,1,13.28,13.19
3,BHMBCCMKT01,0,2016-10-04 09:32:00,577,107,18.544194107452338,2,car,low,0,9,11.081455805892547,12.017301175717831,12.017301175717831,,1,1.0,1,12.02,11.81
17059,Shopping,13,2016-10-04 09:32:00,1920,1121,58.38541666666666,3,cycle,low,0,9,13.597916666666666,13.387854250465647,13.387854250465647,,1,0.5,1,13.39,13.1
11811,Others-CCCPS135a,9,2016-10-04 09:32:00,3883,2502,64.43471542621684,3,bike,low,0,9,13.634818439351015,13.64751895452201,13.64751895452201,,1,0.7,1,13.65,13.2
3939,BHMMBMMBX01,3,2016-10-04 09:32:00,687,414,60.26200873362445,2,truck,low,0,9,13.860262008733626,13.642044631566684,13.642044631566684,,1,1.5,1,13.64,13.25
5251,BHMNCPHST01,4,2016-10-04 09:32:00,1200,552,46.0,2,bike,low,0,9,12.575,12.90165974062441,12.90165974062441,,1,0.7,1,12.9,12.59
6563,BHMNCPNST01,5,2016-10-04 09:32:00,485,302,62.2680412371134,3,truck,low,0,9,14.519587628865978,13.829869796002336,13.829869796002336,,1,1.5,1,13.83,13.56
5252,BHMNCPHST01,4,2016-10-04 09:59:00,1200,638,53.16666666666666,2,car,low,0,9,13.638333333333332,13.248140017924063,13.248140017924063,,1,1.0,1,13.25,12.94
17060,Shopping,13,2016-10-04 09:59:00,1920,1254,65.3125,3,truck,low,0,9,14.904166666666669,13.92305200044509,13.92305200044509,,1,1.5,1,13.92,13.48
14436,Others-CCCPS8,11,2016-10-04 09:59:00,1322,657,49.69742813918306,3,truck,low,0,9,14.066565809379728,13.430803100025752,13.430803100025752,,1,1.5,1,13.43,13.25
2628,BHMEURBRD01,2,2016-10-04 09:59:00,470,397,84.46808510638299,2,bike,low,0,9,15.56595744680851,14.13660819185045,14.13660819185045,,1,0.7,1,14.14,13.86
15748,Others-CCCPS98,12,2016-10-04 09:59:00,3103,1052,33.90267483080889,3,cycle,low,0,9,12.605220754108926,12.544667633339904,12.544667633339904,,1,0.5,1,12.54,12.52
10500,Others-CCCPS119a,8,2016-10-04 09:59:00,2803,476,16.98180520870496,3,car,low,0,9,11.178737067427754,12.108321455989174,12.108321455989174,,1,1.0,1,12.11,11.88
1316,BHMBCCTHL01,1,2016-10-04 09:59:00,387,236,60.98191214470285,2,car,low,0,9,14.361757105943152,13.505009909498176,13.505009909498176,,1,1.0,1,13.51,13.12
9188,Others-CCCPS105a,7,2016-10-04 09:59:00,2009,1142,56.84420109507218,3,car,low,0,9,14.478845196615232,13.50055749582216,13.50055749582216,,1,1.0,1,13.5,13.23
13124,Others-CCCPS202,10,2016-10-04 09:59:00,2937,1163,39.598229485869936,3,car,low,0,9,12.900238338440587,12.922418292909752,12.922418292909752,,1,1.0,1,12.92,12.66
7876,Broad Street,6,2016-10-04 09:59:00,690,600,86.95652173913044,2,car,low,0,9,15.77391304347826,14.295158864962174,13.580400921714064,0.0,1,1.0,1,14.3,13.94
6564,BHMNCPNST01,5,2016-10-04 09:59:00,485,327,67.42268041237114,3,car,average,0,9,15.8680412371134,14.279938756867857,14.279938756867857,,2,1.0,1,14.28,13.83
4,BHMBCCMKT01,0,2016-10-04 09:59:00,577,150,25.99653379549394,2,bike,low,0,9,11.601386481802423,12.183112321843794,12.183112321843794,,1,0.7,1,12.18,12.01
11812,Others-CCCPS135a,9,2016-10-04 09:59:00,3883,2802,72.16070048931239,3,truck,low,0,9,15.078032449137265,14.127593037540972,14.127593037540972,,1,1.5,1,14.13,13.66
3940,BHMMBMMBX01,3,2016-10-04 09:59:00,687,485,70.59679767103349,3,car,low,0,9,15.272197962154296,13.931683236780138,13.931683236780138,,1,1.0,1,13.93,13.63
14437,Others-CCCPS8,11,2016-10-04 10:26:00,1322,715,54.08472012102874,3,car,low,0,10,15.148260211800302,13.410775920568556,13.410775920568556,,1,1.0,1,13.41,13.25
2629,BHMEURBRD01,2,2016-10-04 10:26:00,470,430,91.48936170212764,3,car,low,0,10,17.395744680851063,14.532506029774977,13.805880728286226,0.0,1,1.0,1,14.53,14.19
15749,Others-CCCPS98,12,2016-10-04 10:26:00,3103,1142,36.8030937802127,4,car,low,0,10,13.34128262971318,12.964089293977318,12.964089293977318,,1,1.0,1,12.96,12.7
7877,Broad Street,6,2016-10-04 10:26:00,690,642,93.04347826086956,4,car,low,0,10,17.63478260869565,14.680982915019683,13.946933769268698,0.0,1,1.0,1,14.68,14.33
5,BHMBCCMKT01,0,2016-10-04 10:26:00,577,177,30.675909878682845,3,car,low,0,10,12.21490467937608,12.608239654667216,12.608239654667216,,1,1.0,1,12.61,12.27
9189,Others-CCCPS105a,7,2016-10-04 10:26:00,2009,1245,61.97112991538079,4,truck,low,0,10,15.718267794922848,13.943029527919249,13.943029527919249,,1,1.5,1,13.94,13.57
10501,Others-CCCPS119a,8,2016-10-04 10:26:00,2803,525,18.72993221548341,4,cycle,low,0,10,11.553335711737422,12.136140582807206,12.136140582807206,,1,0.5,1,12.14,12.01
5253,BHMNCPHST01,4,2016-10-04 10:26:00,1200,686,57.16666666666666,4,car,average,0,10,14.781666666666665,14.098341525737965,14.098341525737965,,2,1.0,1,14.1,13.42
13125,Others-CCCPS202,10,2016-10-04 10:26:00,2937,1257,42.79877425944842,3,car,low,0,10,13.756213823629556,13.032702004656493,13.032702004656493,,1,1.0,1,13.03,12.91
11813,Others-CCCPS135a,9,2016-10-04 10:26:00,3883,3035,78.16121555498327,5,car,low,0,10,16.64125676023693,14.385609834110904,14.385609834110904,,1,1.0,1,14.39,14.06
17061,Shopping,13,2016-10-04 10:26:00,1920,1324,68.95833333333333,4,car,low,0,10,16.283333333333335,14.002912426742707,14.002912426742707,,1,1.0,1,14.0,13.77
3941,BHMMBMMBX01,3,2016-10-04 10:26:00,687,530,77.14701601164484,5,car,average,0,10,16.815138282387192,14.761881219360973,14.761881219360973,,2,1.0,1,14.76,14.11
6565,BHMNCPNST01,5,2016-10-04 10:26:00,485,351,72.37113402061856,3,car,low,0,10,17.315463917525772,13.985279147544794,13.985279147544794,,1,1.0,1,13.99,14.03
1317,BHMBCCTHL01,1,2016-10-04 10:26:00,387,264,68.21705426356588,3,car,low,0,10,15.726098191214469,13.859063761098811,13.859063761098811,,1,1.0,1,13.86,13.48
17062,Shopping,13,2016-10-04 10:59:00,1920,1387,72.23958333333333,5,car,average,0,10,17.728125000000002,14.633280553445358,14.633280553445358,,2,1.0,1,14.63,14.18
5254,BHMNCPHST01,4,2016-10-04 10:59:00,1200,729,60.75000000000001,4,car,average,0,10,15.996666666666664,14.203085307771424,14.203085307771424,,2,1.0,1,14.2,13.85
13126,Others-CCCPS202,10,2016-10-04 10:59:00,2937,1354,46.10146407899217,7,bike,high,0,10,14.6782431052094,14.46721156945439,14.46721156945439,,3,0.7,1,14.47,13.47
15750,Others-CCCPS98,12,2016-10-04 10:59:00,3103,1210,38.99452143087335,5,car,average,0,10,14.121173058330646,13.66523361621872,13.66523361621872,,2,1.0,1,13.67,13.06
11814,Others-CCCPS135a,9,2016-10-04 10:59:00,3883,3169,81.6121555498326,6,car,average,0,10,18.273499871233582,14.97502015923499,14.97502015923499,,2,1.0,1,14.98,14.25
3942,BHMMBMMBX01,3,2016-10-04 10:59:00,687,573,83.4061135371179,4,car,average,0,10,18.48326055312955,14.819836622396291,14.819836622396291,,2,1.0,1,14.82,14.5
7878,Broad Street,6,2016-10-04 10:59:00,690,675,97.82608695652172,4,bike,average,0,10,19.591304347826085,15.10085319647844,14.345810536654517,0.0,2,0.7,1,15.1,14.69
6566,BHMNCPNST01,5,2016-10-04 10:59:00,485,371,76.49484536082474,6,car,high,0,10,18.845360824742265,15.210036696555004,15.210036696555004,,3,1.0,1,15.21,14.49
14438,Others-CCCPS8,11,2016-10-04 10:59:00,1322,791,59.833585476550674,4,car,average,0,10,16.344931921331316,14.176483191795905,14.176483191795905,,2,1.0,1,14.18,13.67
6,BHMBCCMKT01,0,2016-10-04 10:59:00,577,219,37.954939341421145,6,truck,high,0,10,12.974003466204504,14.351747861061476,14.351747861061476,,3,1.5,1,14.35,13.05
1318,BHMBCCTHL01,1,2016-10-04 10:59:00,387,308,79.58656330749353,4,car,average,0,10,17.31782945736434,14.72139092929496,14.253797741672445,,2,1.0,1,14.72,14.03
10502,Others-CCCPS119a,8,2016-10-04 10:59:00,2803,574,20.478059222261862,4,truck,average,0,10,11.96289689618266,13.090036525805404,13.090036525805404,,2,1.5,1,13.09,12.45
2630,BHMEURBRD01,2,2016-10-04 10:59:00,470,458,97.44680851063828,6,cycle,high,0,10,19.344680851063828,15.558638683565986,14.780706749387686,0.0,3,0.5,1,15.56,14.74
9190,Others-CCCPS105a,7,2016-10-04 10:59:00,2009,1364,67.89447486311599,5,bike,average,0,10,17.07615729218517,14.433874218556236,14.433874218556236,,2,0.7,1,14.43,13.96
17063,Shopping,13,2016-10-04 11:25:00,1920,1428,74.375,6,truck,average,0,11,19.215625000000003,14.919758989423984,14.919758989423984,,2,1.5,1,14.92,14.52
5255,BHMNCPHST01,4,2016-10-04 11:25:00,1200,765,63.74999999999999,5,car,average,0,11,17.271666666666665,14.402056853077704,14.402056853077704,,2,1.0,1,14.4,14.23
7,BHMBCCMKT01,0,2016-10-04 11:25:00,577,247,42.80762564991335,5,car,average,0,11,13.830155979202772,13.784684289377685,13.784684289377685,,2,1.0,1,13.78,13.58
14439,Others-CCCPS8,11,2016-10-04 11:25:00,1322,820,62.02723146747352,5,truck,average,0,11,17.585476550680788,14.492629762080432,14.492629762080432,,2,1.5,1,14.49,14.03
13127,Others-CCCPS202,10,2016-10-04 11:25:00,2937,1369,46.61218930881852,6,bike,average,0,11,15.61048689138577,13.932150180889206,13.932150180889206,,2,0.7,1,13.93,13.81
9191,Others-CCCPS105a,7,2016-10-04 11:25:00,2009,1424,70.88103534096565,6,bike,average,0,11,18.49377799900448,14.62373939583425,14.62373939583425,,2,0.7,1,14.62,14.33
2631,BHMEURBRD01,2,2016-10-04 11:25:00,470,464,98.72340425531917,5,car,average,0,11,20.0,15.283625540671943,14.519444263638343,0.0,2,1.0,1,15.28,15.12
15751,Others-CCCPS98,12,2016-10-04 11:25:00,3103,1241,39.99355462455688,9,truck,high,0,11,14.921044150821784,14.73198755347769,14.73198755347769,,3,1.5,1,14.73,13.79
11815,Others-CCCPS135a,9,2016-10-04 11:25:00,3883,3221,82.9513262941025,7,truck,average,0,11,19.932526397115637,15.220535972596156,15.220535972596156,,2,1.5,1,15.22,14.61
3943,BHMMBMMBX01,3,2016-10-04 11:25:00,687,604,87.91848617176127,5,bike,average,0,11,20.0,14.957967227363524,14.957967227363524,,2,0.7,1,14.96,14.85
10503,Others-CCCPS119a,8,2016-10-04 11:25:00,2803,588,20.97752408134142,5,truck,average,0,11,12.382447377809488,13.241819097126102,13.241819097126102,,2,1.5,1,13.24,12.82
1319,BHMBCCTHL01,1,2016-10-04 11:25:00,387,324,83.72093023255815,5,bike,average,0,11,18.992248062015506,14.853206466932544,14.359250171782517,,2,0.7,1,14.85,14.48
6567,BHMNCPNST01,5,2016-10-04 11:25:00,485,373,76.90721649484537,7,truck,high,0,11,20.0,15.42024978292712,15.42024978292712,,3,1.5,1,15.42,14.87
7879,Broad Street,6,2016-10-04 11:25:00,690,672,97.3913043478261,6,car,average,0,11,20.0,15.343263239870671,14.576100077877138,0.0,2,1.0,1,15.34,15.04
15752,Others-CCCPS98,12,2016-10-04 11:59:00,3103,1288,41.50821785368998,6,bike,average,0,11,15.751208507895583,13.775381813660188,13.775381813660188,,2,0.7,1,13.78,14.06
11816,Others-CCCPS135a,9,2016-10-04 11:59:00,3883,3248,83.6466649497811,7,bike,average,0,11,20.0,15.048757497853554,15.048757497853554,,2,0.7,1,15.05,14.83
8,BHMBCCMKT01,0,2016-10-04 11:59:00,577,259,44.88734835355286,5,cycle,average,0,11,14.72790294627383,13.6933925505199,13.6933925505199,,2,0.5,1,13.69,13.94
13128,Others-CCCPS202,10,2016-10-04 11:59:00,2937,1390,47.327204630575416,6,car,average,0,11,16.55703098399728,14.043817898237114,14.043817898237114,,2,1.0,1,14.04,14.15
10504,Others-CCCPS119a,8,2016-10-04 11:59:00,2803,605,21.58401712450945,5,car,average,0,11,12.814127720299677,13.093641778449356,13.093641778449356,,2,1.0,1,13.09,13.14
1320,BHMBCCTHL01,1,2016-10-04 11:59:00,387,332,85.78811369509044,5,car,average,0,11,20.0,14.979334180283905,14.230367471269709,0.0,2,1.0,1,14.98,14.85
9192,Others-CCCPS105a,7,2016-10-04 11:59:00,2009,1470,73.17073170731707,6,bike,average,0,11,19.957192633150825,14.684329102439534,14.684329102439534,,2,0.7,1,14.68,14.58
14440,Others-CCCPS8,11,2016-10-04 11:59:00,1322,836,63.2375189107413,8,car,high,0,11,18.850226928895616,15.086855360732368,15.086855360732368,,3,1.0,1,15.09,14.59
7880,Broad Street,6,2016-10-04 11:59:00,690,677,98.1159420289855,7,car,high,0,11,20.0,15.752031077082576,14.964429523228446,1.0,3,1.0,1,15.75,15.4
17064,Shopping,13,2016-10-04 11:59:00,1920,1447,75.36458333333333,6,car,average,0,11,20.0,14.818778269916344,14.818778269916344,,2,1.0,1,14.82,14.79
6568,BHMNCPNST01,5,2016-10-04 11:59:00,485,381,78.55670103092784,7,car,high,0,11,20.0,15.34692573855559,15.34692573855559,,3,1.0,1,15.35,15.33
5256,BHMNCPHST01,4,2016-10-04 11:59:00,1200,771,64.25,6,car,average,0,11,18.556666666666665,14.526000499652966,14.526000499652966,,2,1.0,1,14.53,14.38
3944,BHMMBMMBX01,3,2016-10-04 11:59:00,687,634,92.28529839883552,5,bike,average,0,11,20.0,15.064097660237785,15.064097660237785,,2,0.7,1,15.06,14.95
2632,BHMEURBRD01,2,2016-10-04 11:59:00,470,460,97.87234042553192,5,bike,average,0,11,20.0,15.195668404257802,14.435884984044913,0.0,2,0.7,1,15.2,15.35
17065,Shopping,13,2016-10-04 12:29:00,1920,1460,76.04166666666666,10,cycle,high,0,12,20.0,15.444702842712331,15.444702842712331,,3,0.5,1,15.44,15.06
11817,Others-CCCPS135a,9,2016-10-04 12:29:00,3883,3251,83.72392480041205,11,car,high,0,12,20.0,15.705415465950685,15.224622956497807,,3,1.0,1,15.71,15.06
9,BHMBCCMKT01,0,2016-10-04 12:29:00,577,266,46.10051993067591,8,bike,high,0,12,15.649913344887349,14.576065725319603,14.576065725319603,,3,0.7,1,14.58,14.02
13129,Others-CCCPS202,10,2016-10-04 12:29:00,2937,1397,47.565543071161045,10,car,high,0,12,17.5083418454205,14.899575661132314,14.899575661132314,,3,1.0,1,14.9,14.29
5257,BHMNCPHST01,4,2016-10-04 12:29:00,1200,779,64.91666666666667,9,cycle,high,0,12,19.855,15.103002784869354,15.103002784869354,,3,0.5,1,15.1,14.68
9193,Others-CCCPS105a,7,2016-10-04 12:29:00,2009,1484,73.86759581881533,10,car,high,0,12,20.0,15.50479929803416,15.50479929803416,,3,1.0,1,15.5,14.93
2633,BHMEURBRD01,2,2016-10-04 12:29:00,470,464,98.72340425531917,8,car,high,0,12,20.0,15.83958763717492,15.047608255316172,0.0,3,1.0,1,15.84,15.44
10505,Others-CCCPS119a,8,2016-10-04 12:29:00,2803,604,21.54834106314663,9,car,high,0,12,13.24509454156261,14.080070650925569,14.080070650925569,,3,1.0,1,14.08,13.47
7881,Broad Street,6,2016-10-04 12:29:00,690,683,98.9855072463768,9,car,high,0,12,20.0,15.918001949144625,15.122101851687392,1.0,3,1.0,1,15.92,15.67
1321,BHMBCCTHL01,1,2016-10-04 12:29:00,387,334,86.30490956072352,8,car,high,0,12,20.0,15.596832282023016,14.816990667921864,0.0,3,1.0,1,15.6,15.14
3945,BHMMBMMBX01,3,2016-10-04 12:29:00,687,648,94.32314410480348,9,bike,high,0,12,20.0,15.775254763816465,15.775254763816465,,3,0.7,1,15.78,15.27
15753,Others-CCCPS98,12,2016-10-04 12:29:00,3103,1297,41.79825974863036,10,truck,high,0,12,16.587173702868192,14.880351304182586,14.880351304182586,,3,1.5,1,14.88,14.46
14441,Others-CCCPS8,11,2016-10-04 12:29:00,1322,836,63.2375189107413,9,car,high,0,12,20.0,15.180955881334146,15.180955881334146,,3,1.0,1,15.18,14.92
6569,BHMNCPNST01,5,2016-10-04 12:29:00,485,379,78.14432989690722,6,car,average,0,12,20.0,14.889033287108324,14.889033287108324,,2,1.0,1,14.89,15.22
6570,BHMNCPNST01,5,2016-10-04 12:56:00,485,374,77.11340206185568,8,bike,high,0,12,20.0,15.337100331983308,15.337100331983308,,3,0.7,1,15.34,15.19
17066,Shopping,13,2016-10-04 13:02:00,1920,1448,75.41666666666667,9,car,high,0,13,20.0,15.452744573784962,15.452744573784962,,3,1.0,1,15.45,15.24
14442,Others-CCCPS8,11,2016-10-04 13:02:00,1322,810,61.27080181543116,8,car,high,0,13,20.0,15.039700199296826,15.039700199296826,,3,1.0,1,15.04,15.1
11818,Others-CCCPS135a,9,2016-10-04 13:02:00,3883,3232,83.23461241308266,10,car,high,0,13,20.0,15.69578116830158,15.216915518378526,,3,1.0,1,15.7,15.22
10,BHMBCCMKT01,0,2016-10-04 13:02:00,577,269,46.62045060658579,7,car,high,0,13,16.582322357019063,14.563128234347452,14.563128234347452,,3,1.0,1,14.56,14.28
15754,Others-CCCPS98,12,2016-10-04 13:02:00,3103,1288,41.50821785368998,9,bike,high,0,13,17.41733805994199,14.560098533552674,14.560098533552674,,3,0.7,1,14.56,14.41
7882,Broad Street,6,2016-10-04 13:02:00,690,660,95.65217391304348,8,bike,high,0,13,20.0,15.723600016259429,14.937420015446456,1.0,3,0.7,1,15.72,15.8
1322,BHMBCCTHL01,1,2016-10-04 13:02:00,387,333,86.04651162790698,7,car,high,0,13,20.0,15.508565078380895,14.733136824461852,0.0,3,1.0,1,15.51,15.36
9194,Others-CCCPS105a,7,2016-10-04 13:02:00,2009,1461,72.72274763563962,8,bike,high,0,13,20.0,15.238208061338616,15.238208061338616,,3,0.7,1,15.24,15.14
2634,BHMEURBRD01,2,2016-10-04 13:02:00,470,458,97.44680851063828,8,car,high,0,13,20.0,15.81562053643284,15.024839509611196,0.0,3,1.0,1,15.82,15.62
3946,BHMMBMMBX01,3,2016-10-04 13:02:00,687,651,94.75982532751092,6,truck,average,0,13,20.0,15.395325861649702,15.395325861649702,,2,1.5,1,15.4,15.41
13130,Others-CCCPS202,10,2016-10-04 13:02:00,2937,1367,46.54409261150834,9,car,high,0,13,18.439223697650668,14.772124717251804,14.772124717251804,,3,1.0,1,14.77,14.57
5258,BHMNCPHST01,4,2016-10-04 13:02:00,1200,773,64.41666666666667,7,truck,high,0,13,20.0,15.138419586936212,15.138419586936212,,3,1.5,1,15.14,14.92
10506,Others-CCCPS119a,8,2016-10-04 13:02:00,2803,596,21.262932572244026,8,car,high,0,13,13.67035319300749,13.951859780126428,13.951859780126428,,3,1.0,1,13.95,13.71
3947,BHMMBMMBX01,3,2016-10-04 13:29:00,687,648,94.32314410480348,8,car,high,0,13,20.0,15.75603151678366,15.75603151678366,,3,1.0,1,15.76,15.65
6571,BHMNCPNST01,5,2016-10-04 13:29:00,485,375,77.31958762886599,7,bike,high,0,13,20.0,15.251819656749886,15.251819656749886,,3,0.7,1,15.25,15.16
11,BHMBCCMKT01,0,2016-10-04 13:29:00,577,263,45.58058925476603,7,car,high,0,13,17.493934142114384,14.534983151952767,14.534983151952767,,3,1.0,1,14.53,14.56
5259,BHMNCPHST01,4,2016-10-04 13:29:00,1200,758,63.16666666666667,6,car,average,0,13,20.0,14.496446724189209,14.496446724189209,,2,1.0,1,14.5,14.91
10507,Others-CCCPS119a,8,2016-10-04 13:29:00,2803,581,20.72779165180164,7,car,high,0,13,14.084909026043524,13.813190989687406,13.813190989687406,,3,1.0,1,13.81,13.95
1323,BHMBCCTHL01,1,2016-10-04 13:29:00,387,331,85.52971576227391,7,car,high,0,13,20.0,15.49767501883962,14.72279126789764,0.0,3,1.0,1,15.5,15.54
17067,Shopping,13,2016-10-04 13:29:00,1920,1432,74.58333333333333,9,cycle,high,0,13,20.0,15.3253135302324,15.3253135302324,,3,0.5,1,15.33,15.41
2635,BHMEURBRD01,2,2016-10-04 13:29:00,470,450,95.74468085106383,8,car,high,0,13,20.0,15.783316608745348,14.99415077830808,0.0,3,1.0,1,15.78,15.81
11819,Others-CCCPS135a,9,2016-10-04 13:29:00,3883,3184,81.99845480298738,10,bike,high,0,13,20.0,15.610961644338952,15.149059899208426,,3,0.7,1,15.61,15.41
14443,Others-CCCPS8,11,2016-10-04 13:29:00,1322,811,61.3464447806354,8,truck,high,0,13,20.0,15.160202222752623,15.160202222752623,,3,1.5,1,15.16,15.13
9195,Others-CCCPS105a,7,2016-10-04 13:29:00,2009,1459,72.6231956197113,8,car,high,0,13,20.0,15.303857439839692,15.303857439839692,,3,1.0,1,15.3,15.35
7883,Broad Street,6,2016-10-04 13:29:00,690,648,93.91304347826087,8,cycle,high,0,13,20.0,15.64961151751759,14.86713094164171,1.0,3,0.5,1,15.65,15.76
13131,Others-CCCPS202,10,2016-10-04 13:29:00,2937,1360,46.30575417092271,9,car,high,0,13,19.365338781069124,14.765979140658365,14.765979140658365,,3,1.0,1,14.77,14.81
15755,Others-CCCPS98,12,2016-10-04 13:29:00,3103,1273,41.02481469545601,8,cycle,high,0,13,18.23783435385111,14.38179204542694,14.38179204542694,,3,0.5,1,14.38,14.61
10508,Others-CCCPS119a,8,2016-10-04 14:02:00,2803,576,20.549411344987515,4,car,average,0,14,14.495897252943273,12.920725999369164,12.920725999369164,,2,1.0,1,12.92,13.56
14444,Others-CCCPS8,11,2016-10-04 14:02:00,1322,815,61.64901664145235,4,truck,average,0,14,20.0,14.371258895776176,14.371258895776176,,2,1.5,1,14.37,14.86
5260,BHMNCPHST01,4,2016-10-04 14:02:00,1200,757,63.083333333333336,5,car,average,0,14,20.0,14.383430300980056,14.383430300980056,,2,1.0,1,14.38,14.67
13132,Others-CCCPS202,10,2016-10-04 14:02:00,2937,1352,46.03336738168199,5,car,average,0,14,20.0,13.88406889021961,13.88406889021961,,2,1.0,1,13.88,14.47
6572,BHMNCPNST01,5,2016-10-04 14:02:00,485,381,78.55670103092784,5,car,average,0,14,20.0,14.798137575616174,14.798137575616174,,2,1.0,1,14.8,15.13
15756,Others-CCCPS98,12,2016-10-04 14:02:00,3103,1262,40.67031904608444,5,car,average,0,14,19.0512407347728,13.717991405722994,13.717991405722994,,2,1.0,1,13.72,14.22
11820,Others-CCCPS135a,9,2016-10-04 14:02:00,3883,3145,80.99407674478496,5,truck,average,0,14,20.0,14.98437784247363,14.98437784247363,,2,1.5,1,14.98,15.43
12,BHMBCCMKT01,0,2016-10-04 14:02:00,577,238,41.24783362218371,5,car,high,0,14,18.318890814558056,14.188523995956489,14.188523995956489,,3,1.0,1,14.19,14.43
7884,Broad Street,6,2016-10-04 14:02:00,690,639,92.6086956521739,6,car,high,0,14,20.0,15.56198599589,14.783886696095498,1.0,3,1.0,1,15.56,15.64
17068,Shopping,13,2016-10-04 14:02:00,1920,1430,74.47916666666666,5,car,average,0,14,20.0,14.692429198986352,14.692429198986352,,2,1.0,1,14.69,15.16
9196,Others-CCCPS105a,7,2016-10-04 14:02:00,2009,1452,72.27476356396217,5,car,average,0,14,20.0,14.634215652293378,14.634215652293378,,2,1.0,1,14.63,15.06
1324,BHMBCCTHL01,1,2016-10-04 14:02:00,387,332,85.78811369509044,4,car,average,0,14,20.0,14.880096489759502,14.136091665271527,0.0,2,1.0,1,14.88,15.3
3948,BHMMBMMBX01,3,2016-10-04 14:02:00,687,637,92.72197962154294,6,car,high,0,14,20.0,15.564326109399325,15.564326109399325,,3,1.0,1,15.56,15.57
2636,BHMEURBRD01,2,2016-10-04 14:02:00,470,446,94.8936170212766,4,car,average,0,14,20.0,15.102455901013997,14.347333105963296,0.0,2,1.0,1,15.1,15.57
3949,BHMMBMMBX01,3,2016-10-04 14:29:00,687,627,91.26637554585152,4,truck,average,0,14,20.0,15.134886356128328,15.134886356128328,,2,1.5,1,15.13,15.48
11821,Others-CCCPS135a,9,2016-10-04 14:29:00,3883,3113,80.16997167138811,5,bike,average,0,14,20.0,14.762474073147324,14.762474073147324,,2,0.7,1,14.76,15.12
13133,Others-CCCPS202,10,2016-10-04 14:29:00,2937,1318,44.87572352740892,5,car,average,0,14,20.0,13.8485789255028,13.8485789255028,,2,1.0,1,13.85,14.17
17069,Shopping,13,2016-10-04 14:29:00,1920,1429,74.42708333333333,4,car,average,0,14,20.0,14.58484607732258,14.58484607732258,,2,1.0,1,14.58,14.87
1325,BHMBCCTHL01,1,2016-10-04 14:29:00,387,322,83.20413436692506,3,car,average,0,14,20.0,14.711410600483914,14.24581347862361,,2,1.0,1,14.71,15.03
13,BHMBCCMKT01,0,2016-10-04 14:29:00,577,215,37.26169844020797,3,truck,average,0,14,19.064124783362217,13.514047565496776,13.514047565496776,,2,1.5,1,13.51,14.08
10509,Others-CCCPS119a,8,2016-10-04 14:29:00,2803,560,19.978594363182307,4,car,average,0,14,14.895469140206918,12.900916128491248,12.900916128491248,,2,1.0,1,12.9,13.21
2637,BHMEURBRD01,2,2016-10-04 14:29:00,470,433,92.12765957446808,4,bike,average,0,14,20.0,14.96311720899318,14.21496134854352,0.0,2,0.7,1,14.96,15.28
9197,Others-CCCPS105a,7,2016-10-04 14:29:00,2009,1420,70.68193130910902,7,bike,high,0,14,20.0,15.0974296121777,15.0974296121777,,3,0.7,1,15.1,15.01
7885,Broad Street,6,2016-10-04 14:29:00,690,621,90.0,4,car,average,0,14,20.0,14.984522796578888,14.23529665674994,0.0,2,1.0,1,14.98,15.4
15757,Others-CCCPS98,12,2016-10-04 14:29:00,3103,1238,39.89687399291009,5,car,average,0,14,19.849178214631,13.69369235658828,13.69369235658828,,2,1.0,1,13.69,13.93
14445,Others-CCCPS8,11,2016-10-04 14:29:00,1322,793,59.98487140695915,4,bike,average,0,14,20.0,14.092975659706228,14.092975659706228,,2,0.7,1,14.09,14.54
6573,BHMNCPNST01,5,2016-10-04 14:29:00,485,373,76.90721649484537,4,car,average,0,14,20.0,14.65099389719576,14.65099389719576,,2,1.0,1,14.65,14.9
5261,BHMNCPHST01,4,2016-10-04 14:29:00,1200,760,63.33333333333333,4,car,average,0,14,20.0,14.277387169480132,14.277387169480132,,2,1.0,1,14.28,14.39
1326,BHMBCCTHL01,1,2016-10-04 14:57:00,387,307,79.32816537467701,4,truck,average,0,14,20.0,14.8432659373574,14.351297748122398,,2,1.5,1,14.84,14.81
3950,BHMMBMMBX01,3,2016-10-04 14:57:00,687,593,86.31732168850073,4,cycle,average,0,14,20.0,14.766277611677276,14.766277611677276,,2,0.5,1,14.77,15.15
11822,Others-CCCPS135a,9,2016-10-04 14:57:00,3883,3011,77.54313674993561,6,car,average,0,14,20.0,14.873939195379918,14.873939195379918,,2,1.0,1,14.87,14.87
6574,BHMNCPNST01,5,2016-10-04 14:57:00,485,354,72.98969072164948,4,bike,average,0,14,20.0,14.464133766731836,14.464133766731836,,2,0.7,1,14.46,14.64
17070,Shopping,13,2016-10-04 14:57:00,1920,1381,71.92708333333333,5,car,average,0,14,20.0,14.624965865759949,14.624965865759949,,2,1.0,1,14.62,14.63
10510,Others-CCCPS119a,8,2016-10-04 14:57:00,2803,529,18.872636460934714,4,bike,average,0,14,15.272921869425613,12.757223875829071,12.757223875829071,,2,0.7,1,12.76,12.86
2638,BHMEURBRD01,2,2016-10-04 14:57:00,470,426,90.63829787234042,4,car,average,0,14,20.0,15.000111903848833,14.25010630865639,0.0,2,1.0,1,15.0,15.02
9198,Others-CCCPS105a,7,2016-10-04 14:57:00,2009,1346,66.99850671976108,4,car,average,0,14,20.0,14.381055370705518,14.381055370705518,,2,1.0,1,14.38,14.7
15758,Others-CCCPS98,12,2016-10-04 14:57:00,3103,1169,37.67321946503384,5,car,average,0,14,20.0,13.623349301475534,13.623349301475534,,2,1.0,1,13.62,13.68
7886,Broad Street,6,2016-10-04 14:57:00,690,606,87.82608695652175,5,car,average,0,14,20.0,15.028956025720516,14.277508224434488,0.0,2,1.0,1,15.03,15.19
14446,Others-CCCPS8,11,2016-10-04 14:57:00,1322,753,56.95915279878972,4,cycle,average,0,14,20.0,13.942666816301942,13.942666816301942,,2,0.5,1,13.94,14.13
5262,BHMNCPHST01,4,2016-10-04 14:57:00,1200,727,60.583333333333336,4,car,average,0,14,20.0,14.198256728803225,14.198256728803225,,2,1.0,1,14.2,14.29
13134,Others-CCCPS202,10,2016-10-04 14:57:00,2937,1267,43.13925774599932,7,bike,high,0,14,20.0,14.384995439235473,14.384995439235473,,3,0.7,1,14.38,14.04
14,BHMBCCMKT01,0,2016-10-04 14:57:00,577,192,33.27556325823224,3,bike,average,0,14,19.729636048526864,13.11713553808368,13.11713553808368,,2,0.7,1,13.12,13.61
7887,Broad Street,6,2016-10-04 15:30:00,690,581,84.20289855072464,2,car,low,0,15,20.0,14.216185096963883,14.216185096963883,,1,1.0,1,14.22,14.74
1327,BHMBCCTHL01,1,2016-10-04 15:30:00,387,294,75.96899224806202,2,car,low,0,15,20.0,13.973173239863012,13.973173239863012,,1,1.0,1,13.97,14.51
17071,Shopping,13,2016-10-04 15:30:00,1920,1300,67.70833333333334,3,car,low,0,15,20.0,13.843430814800278,13.843430814800278,,1,1.0,1,13.84,14.35
9199,Others-CCCPS105a,7,2016-10-04 15:30:00,2009,1288,64.11149825783971,3,bike,low,0,15,20.0,13.637270355605384,13.637270355605384,,1,0.7,1,13.64,14.37
15759,Others-CCCPS98,12,2016-10-04 15:30:00,3103,1127,36.31969062197873,3,car,low,0,15,20.0,12.808102707579598,12.808102707579598,,1,1.0,1,12.81,13.37
14447,Others-CCCPS8,11,2016-10-04 15:30:00,1322,716,54.16036308623298,2,car,low,0,15,20.0,13.28126833004955,13.28126833004955,,1,1.0,1,13.28,13.77
2639,BHMEURBRD01,2,2016-10-04 15:30:00,470,411,87.44680851063829,3,car,low,0,15,20.0,14.421452663343304,13.700380030176138,0.0,1,1.0,1,14.42,14.79
6575,BHMNCPNST01,5,2016-10-04 15:30:00,485,338,69.69072164948453,3,car,low,0,15,20.0,13.904132945934872,13.904132945934872,,1,1.0,1,13.9,14.34
3951,BHMMBMMBX01,3,2016-10-04 15:30:00,687,572,83.26055312954877,3,car,average,0,15,20.0,14.712884387812956,14.712884387812956,,2,1.0,1,14.71,14.87
15,BHMBCCMKT01,0,2016-10-04 15:30:00,577,165,28.59618717504333,2,car,low,0,15,20.0,12.38879333041259,12.38879333041259,,1,1.0,1,12.39,13.01
13135,Others-CCCPS202,10,2016-10-04 15:30:00,2937,1213,41.300646918624444,4,car,average,0,15,20.0,13.611493521778948,13.611493521778948,,2,1.0,1,13.61,13.95
5263,BHMNCPHST01,4,2016-10-04 15:30:00,1200,678,56.49999999999999,3,car,low,0,15,20.0,13.489417202933598,13.489417202933598,,1,1.0,1,13.49,13.99
10511,Others-CCCPS119a,8,2016-10-04 15:30:00,2803,511,18.230467356403853,2,car,low,0,15,15.63753121655369,12.005545410489471,12.005545410489471,,1,1.0,1,12.01,12.56
11823,Others-CCCPS135a,9,2016-10-04 15:30:00,3883,2839,73.11357198042751,4,car,low,0,15,20.0,14.126209559977534,14.126209559977534,,1,1.0,1,14.13,14.59
7888,Broad Street,6,2016-10-04 16:04:00,690,534,77.39130434782608,2,car,low,0,16,20.0,14.015881181682133,14.015881181682133,,1,1.0,1,14.02,14.42
6576,BHMNCPNST01,5,2016-10-04 16:04:00,485,317,65.36082474226804,2,car,low,0,16,20.0,13.645177352087872,13.645177352087872,,1,1.0,1,13.65,14.0
1328,BHMBCCTHL01,1,2016-10-04 16:04:00,387,270,69.76744186046511,1,car,low,0,16,20.0,13.658053309350692,13.658053309350692,,1,1.0,1,13.66,14.16
13136,Others-CCCPS202,10,2016-10-04 16:04:00,2937,1121,38.16819884235614,3,truck,average,0,16,20.0,13.543253018323448,13.543253018323448,,2,1.5,1,13.54,13.84
14448,Others-CCCPS8,11,2016-10-04 16:04:00,1322,664,50.22692889561271,2,bike,low,0,16,20.0,13.047355114437874,13.047355114437874,,1,0.7,1,13.05,13.42
5264,BHMNCPHST01,4,2016-10-04 16:04:00,1200,648,54.0,3,bike,low,0,16,20.0,13.309155537497082,13.309155537497082,,1,0.7,1,13.31,13.67
3952,BHMMBMMBX01,3,2016-10-04 16:04:00,687,511,74.38136826783115,3,car,low,0,16,20.0,14.045430654860818,14.045430654860818,,1,1.0,1,14.05,14.51
10512,Others-CCCPS119a,8,2016-10-04 16:04:00,2803,461,16.446664288262575,3,car,average,0,16,15.96646450231894,12.63575800949384,12.63575800949384,,2,1.0,1,12.64,12.47
16,BHMBCCMKT01,0,2016-10-04 16:04:00,577,162,28.07625649913345,1,bike,low,0,16,20.0,12.111836671212204,12.111836671212204,,1,0.7,1,12.11,12.54
2640,BHMEURBRD01,2,2016-10-04 16:04:00,470,376,80.0,3,bike,low,0,16,20.0,14.12287422405928,14.12287422405928,,1,0.7,1,14.12,14.51
15760,Others-CCCPS98,12,2016-10-04 16:04:00,3103,1019,32.83918788269416,3,car,low,0,16,20.0,12.685298153931148,12.685298153931148,,1,1.0,1,12.69,13.04
17072,Shopping,13,2016-10-04 16:04:00,1920,1218,63.4375,3,car,low,0,16,20.0,13.710686172956065,13.710686172956065,,1,1.0,1,13.71,14.06
9200,Others-CCCPS105a,7,2016-10-04 16:04:00,2009,1175,58.4868093578895,3,cycle,low,0,16,20.0,13.39118190570693,13.39118190570693,,1,0.5,1,13.39,13.8
11824,Others-CCCPS135a,9,2016-10-04 16:04:00,3883,2656,68.40072109193922,2,bike,low,0,16,20.0,13.646441768954524,13.646441768954524,,1,0.7,1,13.65,14.22
17,BHMBCCMKT01,0,2016-10-04 16:31:00,577,143,24.783362218370883,2,car,average,0,16,20.0,12.789275135524289,12.789275135524289,,2,1.0,1,12.79,12.43
14449,Others-CCCPS8,11,2016-10-04 16:31:00,1322,618,46.74735249621785,2,truck,low,0,16,20.0,13.200590212234522,13.200590212234522,,1,1.5,1,13.2,13.18
13137,Others-CCCPS202,10,2016-10-04 16:31:00,2937,1015,34.55907388491658,2,car,low,0,16,20.0,12.604062185518377,12.604062185518377,,1,1.0,1,12.6,13.25
15761,Others-CCCPS98,12,2016-10-04 16:31:00,3103,936,30.164357073799547,2,bike,low,0,16,20.0,12.3365158276332,12.3365158276332,,1,0.7,1,12.34,12.61
9201,Others-CCCPS105a,7,2016-10-04 16:31:00,2009,1089,54.20607267297163,2,car,low,0,16,20.0,13.28278898194132,13.28278898194132,,1,1.0,1,13.28,13.44
11825,Others-CCCPS135a,9,2016-10-04 16:31:00,3883,2359,60.75199587947463,3,car,low,0,16,20.0,13.6258535181964,13.6258535181964,,1,1.0,1,13.63,13.8
17073,Shopping,13,2016-10-04 16:31:00,1920,1075,55.989583333333336,2,truck,low,0,16,20.0,13.505257852078543,13.505257852078543,,1,1.5,1,13.51,13.69
1329,BHMBCCTHL01,1,2016-10-04 16:31:00,387,245,63.30749354005169,2,car,low,0,16,20.0,13.579792573357256,13.579792573357256,,1,1.0,1,13.58,13.74
10513,Others-CCCPS119a,8,2016-10-04 16:31:00,2803,406,14.484480913307172,2,truck,low,0,16,16.256154120585084,12.052479121303325,12.052479121303325,,1,1.5,1,12.05,12.23
7889,Broad Street,6,2016-10-04 16:31:00,690,466,67.53623188405797,2,cycle,average,0,16,20.0,14.02021589927702,14.02021589927702,,2,0.5,1,14.02,14.09
3953,BHMMBMMBX01,3,2016-10-04 16:31:00,687,471,68.5589519650655,2,car,low,0,16,20.0,13.745801624040917,13.745801624040917,,1,1.0,1,13.75,14.17
2641,BHMEURBRD01,2,2016-10-04 16:31:00,470,325,69.14893617021278,2,car,low,0,16,20.0,13.76420172042739,13.76420172042739,,1,1.0,1,13.76,14.1
6577,BHMNCPNST01,5,2016-10-04 16:31:00,485,304,62.68041237113402,2,car,low,0,16,20.0,13.559703702358634,13.559703702358634,,1,1.0,1,13.56,13.7
5265,BHMNCPHST01,4,2016-10-04 16:31:00,1200,565,47.083333333333336,2,cycle,average,0,16,20.0,13.37793156435536,13.37793156435536,,2,0.5,1,13.38,13.39
3954,BHMMBMMBX01,3,2016-10-05 07:57:00,687,282,41.04803493449782,2,bike,low,0,7,20.0,11.998705165049891,11.998705165049891,,1,0.7,0,12.0,13.27
14450,Others-CCCPS8,11,2016-10-05 07:57:00,1322,453,34.26626323751891,2,car,low,0,7,20.0,11.856220349388488,11.856220349388488,,1,1.0,0,11.86,12.7
10514,Others-CCCPS119a,8,2016-10-05 07:57:00,2803,246,8.776311095255084,2,bike,low,0,7,16.431680342490186,10.748853666665068,11.314237015142538,,1,0.7,0,10.75,11.81
9202,Others-CCCPS105a,7,2016-10-05 07:57:00,2009,735,36.58536585365854,2,bike,low,0,7,20.0,11.8304304742894,11.8304304742894,,1,0.7,0,11.83,12.83
17074,Shopping,13,2016-10-05 07:57:00,1920,602,31.354166666666668,2,car,low,0,7,20.0,11.745641835047646,11.745641835047646,,1,1.0,0,11.75,12.99
18,BHMBCCMKT01,0,2016-10-05 07:57:00,577,54,9.358752166377815,1,car,low,0,7,20.0,10.732294447033874,10.732294447033874,,1,1.0,0,10.73,11.88
11826,Others-CCCPS135a,9,2016-10-05 07:57:00,3883,1104,28.431625032191604,3,car,low,0,7,20.0,11.786639515317878,11.786639515317878,,1,1.0,0,11.79,13.02
15762,Others-CCCPS98,12,2016-10-05 07:57:00,3103,650,20.94747019013857,2,bike,low,0,7,20.0,11.228112586385423,11.66934687768066,,1,0.7,0,11.23,12.09
1330,BHMBCCTHL01,1,2016-10-05 07:57:00,387,146,37.72609819121447,2,car,low,0,7,20.0,11.986626648307828,11.986626648307828,,1,1.0,0,11.99,13.08
6578,BHMNCPNST01,5,2016-10-05 07:57:00,485,268,55.25773195876289,2,car,low,0,7,20.0,12.629018967446228,12.629018967446228,,1,1.0,0,12.63,13.28
2642,BHMEURBRD01,2,2016-10-05 07:57:00,470,127,27.02127659574468,1,car,low,0,7,20.0,11.425471003540448,11.425471003540448,,1,1.0,0,11.43,13.1
13138,Others-CCCPS202,10,2016-10-05 07:57:00,2937,594,20.2247191011236,2,car,low,0,7,20.0,11.316896837777692,11.740739332812511,,1,1.0,0,11.32,12.49
5266,BHMNCPHST01,4,2016-10-05 07:57:00,1200,229,19.08333333333333,2,car,average,0,7,20.0,11.849295619846892,11.849295619846892,,2,1.0,0,11.85,12.85
7890,Broad Street,6,2016-10-05 07:57:00,690,180,26.08695652173913,2,car,low,0,7,20.0,11.543872190118591,11.543872190118591,,1,1.0,0,11.54,13.19
14451,Others-CCCPS8,11,2016-10-05 08:30:00,1322,487,36.83812405446293,2,car,low,0,8,20.0,12.685260395159768,12.685260395159768,,1,1.0,1,12.69,12.58
5267,BHMNCPHST01,4,2016-10-05 08:30:00,1200,333,27.750000000000004,2,cycle,low,0,8,20.0,12.173982262832862,12.173982262832862,,1,0.5,1,12.17,12.47
7891,Broad Street,6,2016-10-05 08:30:00,690,294,42.60869565217392,2,car,low,0,8,20.0,12.88805707946513,12.88805707946513,,1,1.0,1,12.89,12.82
19,BHMBCCMKT01,0,2016-10-05 08:30:00,577,59,10.22530329289428,1,car,average,0,8,20.0,12.117381996674482,12.117381996674482,,2,1.0,1,12.12,11.88
11827,Others-CCCPS135a,9,2016-10-05 08:30:00,3883,1599,41.17950038629925,2,car,low,0,8,20.0,12.838211990230308,12.838211990230308,,1,1.0,1,12.84,12.75
1331,BHMBCCTHL01,1,2016-10-05 08:30:00,387,169,43.66925064599484,2,car,low,0,8,20.0,12.92487972100319,12.92487972100319,,1,1.0,1,12.92,12.83
17075,Shopping,13,2016-10-05 08:30:00,1920,779,40.57291666666666,2,bike,low,0,8,20.0,12.711308414704856,12.711308414704856,,1,0.7,1,12.71,12.66
9203,Others-CCCPS105a,7,2016-10-05 08:30:00,2009,817,40.66699850671976,2,car,low,0,8,20.0,12.82027591822478,12.82027591822478,,1,1.0,1,12.82,12.64
10515,Others-CCCPS119a,8,2016-10-05 08:30:00,2803,326,11.630396004281128,2,car,low,0,8,16.66428826257581,11.756161741375664,11.756161741375664,,1,1.0,1,11.76,11.52
15763,Others-CCCPS98,12,2016-10-05 08:30:00,3103,760,24.492426683854333,2,car,low,0,8,20.0,12.2383783336603,12.2383783336603,,1,1.0,1,12.24,11.94
6579,BHMNCPNST01,5,2016-10-05 08:30:00,485,273,56.28865979381443,1,car,low,0,8,20.0,13.218757143598932,13.218757143598932,,1,1.0,1,13.22,13.14
2643,BHMEURBRD01,2,2016-10-05 08:30:00,470,201,42.765957446808514,2,truck,low,0,8,20.0,13.065768795144816,13.065768795144816,,1,1.5,1,13.07,12.75
13139,Others-CCCPS202,10,2016-10-05 08:30:00,2937,736,25.059584610146405,2,truck,low,0,8,20.0,12.441992899336672,12.441992899336672,,1,1.5,1,12.44,12.12
3955,BHMMBMMBX01,3,2016-10-05 08:30:00,687,330,48.03493449781659,2,car,low,0,8,20.0,13.074943081640544,13.074943081640544,,1,1.0,1,13.07,12.94
15764,Others-CCCPS98,12,2016-10-05 09:04:00,3103,896,28.87528198517564,4,car,average,0,9,20.0,13.204887240791296,13.204887240791296,,2,1.0,1,13.2,12.22
10516,Others-CCCPS119a,8,2016-10-05 09:04:00,2803,419,14.948269711023904,2,car,low,0,9,16.963253656796287,11.88201142058466,11.88201142058466,,1,1.0,1,11.88,11.46
7892,Broad Street,6,2016-10-05 09:04:00,690,424,61.44927536231884,2,car,low,0,9,20.0,13.520100459921562,13.520100459921562,,1,1.0,1,13.52,12.65
6580,BHMNCPNST01,5,2016-10-05 09:04:00,485,293,60.41237113402062,2,car,low,0,9,20.0,13.486578363395056,13.486578363395056,,1,1.0,1,13.49,13.11
9204,Others-CCCPS105a,7,2016-10-05 09:04:00,2009,949,47.237431557989055,2,car,low,0,9,20.0,13.047714256472087,13.047714256472087,,1,1.0,1,13.05,12.57
3956,BHMMBMMBX01,3,2016-10-05 09:04:00,687,395,57.49636098981077,3,cycle,average,0,9,20.0,13.836905630375052,13.836905630375052,,2,0.5,1,13.84,12.97
11828,Others-CCCPS135a,9,2016-10-05 09:04:00,3883,2142,55.16353335050219,3,car,low,0,9,20.0,13.446003183407411,13.446003183407411,,1,1.0,1,13.45,12.69
14452,Others-CCCPS8,11,2016-10-05 09:04:00,1322,554,41.90620272314675,2,bike,low,0,9,20.0,12.758406970221165,12.758406970221165,,1,0.7,1,12.76,12.44
13140,Others-CCCPS202,10,2016-10-05 09:04:00,2937,928,31.59686755192373,3,cycle,low,0,9,20.0,12.461465705012602,12.461465705012602,,1,0.5,1,12.46,12.07
5268,BHMNCPHST01,4,2016-10-05 09:04:00,1200,470,39.16666666666666,2,bike,low,0,9,20.0,12.66140131899338,12.66140131899338,,1,0.7,1,12.66,12.23
17076,Shopping,13,2016-10-05 09:04:00,1920,975,50.78125,4,car,average,0,9,20.0,13.9068910604349,13.9068910604349,,2,1.0,1,13.91,12.79
1332,BHMBCCTHL01,1,2016-10-05 09:04:00,387,211,54.52196382428941,2,bike,low,0,9,20.0,13.1930142725307,13.1930142725307,,1,0.7,1,13.19,12.7
20,BHMBCCMKT01,0,2016-10-05 09:04:00,577,71,12.305025996533796,2,car,low,0,9,20.0,11.781827445733557,11.781827445733557,,1,1.0,1,11.78,11.54
2644,BHMEURBRD01,2,2016-10-05 09:04:00,470,283,60.21276595744681,2,car,low,0,9,20.0,13.480107872921494,13.480107872921494,,1,1.0,1,13.48,12.66
6581,BHMNCPNST01,5,2016-10-05 09:30:00,485,317,65.36082474226804,2,car,low,0,9,20.0,13.645177352087872,13.645177352087872,,1,1.0,1,13.65,13.45
9205,Others-CCCPS105a,7,2016-10-05 09:30:00,2009,1090,54.25584868093579,3,car,average,0,9,20.0,13.890866748659532,13.890866748659532,,2,1.0,1,13.89,13.25
17077,Shopping,13,2016-10-05 09:30:00,1920,1138,59.27083333333333,3,car,low,0,9,20.0,13.57861969229166,13.57861969229166,,1,1.0,1,13.58,13.4
1333,BHMBCCTHL01,1,2016-10-05 09:30:00,387,256,66.1498708010336,3,bike,low,0,9,20.0,13.701650247208434,13.701650247208434,,1,0.7,1,13.7,13.27
13141,Others-CCCPS202,10,2016-10-05 09:30:00,2937,1083,36.87436159346272,4,car,average,0,9,20.0,13.469125166425371,13.469125166425371,,2,1.0,1,13.47,12.79
11829,Others-CCCPS135a,9,2016-10-05 09:30:00,3883,2552,65.72237960339945,3,car,low,0,9,20.0,13.782037070332787,13.782037070332787,,1,1.0,1,13.78,13.36
2645,BHMEURBRD01,2,2016-10-05 09:30:00,470,347,73.82978723404256,2,cycle,low,0,9,20.0,13.75425460885539,13.75425460885539,,1,0.5,1,13.75,13.43
21,BHMBCCMKT01,0,2016-10-05 09:30:00,577,83,14.384748700173311,2,car,average,0,9,20.0,12.417489486243571,12.417489486243571,,2,1.0,1,12.42,12.11
3957,BHMMBMMBX01,3,2016-10-05 09:30:00,687,464,67.54002911208151,2,car,low,0,9,20.0,13.713904232570837,13.713904232570837,,1,1.0,1,13.71,13.54
15765,Others-CCCPS98,12,2016-10-05 09:30:00,3103,1003,32.3235578472446,3,car,low,0,9,20.0,12.66698096572479,12.66698096572479,,1,1.0,1,12.67,12.7
5269,BHMNCPHST01,4,2016-10-05 09:30:00,1200,584,48.66666666666667,3,car,low,0,9,20.0,13.23142008553679,13.23142008553679,,1,1.0,1,13.23,12.69
14453,Others-CCCPS8,11,2016-10-05 09:30:00,1322,626,47.352496217851744,3,car,low,0,9,20.0,13.18731350409638,13.18731350409638,,1,1.0,1,13.19,12.88
10517,Others-CCCPS119a,8,2016-10-05 09:30:00,2803,478,17.05315733143061,3,cycle,low,0,9,17.3043168034249,11.923706390944895,11.923706390944895,,1,0.5,1,11.92,11.85
7893,Broad Street,6,2016-10-05 09:30:00,690,510,73.91304347826086,2,car,low,0,9,20.0,13.91090421437066,13.91090421437066,,1,1.0,1,13.91,13.44
6582,BHMNCPNST01,5,2016-10-05 10:04:00,485,339,69.89690721649484,3,truck,low,0,10,20.0,14.06075903765606,14.06075903765606,,1,1.5,1,14.06,13.73
13142,Others-CCCPS202,10,2016-10-05 10:04:00,2937,1221,41.57303370786517,4,truck,low,0,10,20.0,13.294986582038746,13.294986582038746,,1,1.5,1,13.29,13.07
9206,Others-CCCPS105a,7,2016-10-05 10:04:00,2009,1246,62.02090592334495,5,car,average,0,10,20.0,14.35360540601673,14.35360540601673,,2,1.0,1,14.35,13.76
5270,BHMNCPHST01,4,2016-10-05 10:04:00,1200,699,58.25,5,car,average,0,10,20.0,14.246352202251844,14.246352202251844,,2,1.0,1,14.25,13.38
14454,Others-CCCPS8,11,2016-10-05 10:04:00,1322,710,53.70650529500757,3,car,low,0,10,20.0,13.398387304849535,13.398387304849535,,1,1.0,1,13.4,13.12
17078,Shopping,13,2016-10-05 10:04:00,1920,1306,68.02083333333333,4,truck,low,0,10,20.0,14.123486195216602,14.123486195216602,,1,1.5,1,14.12,13.87
7894,Broad Street,6,2016-10-05 10:04:00,690,572,82.89855072463767,3,car,low,0,10,20.0,14.293508187463226,14.293508187463226,,1,1.0,1,14.29,13.91
1334,BHMBCCTHL01,1,2016-10-05 10:04:00,387,310,80.10335917312662,3,car,low,0,10,20.0,14.213308663586336,14.213308663586336,,1,1.0,1,14.21,13.7
3958,BHMMBMMBX01,3,2016-10-05 10:04:00,687,536,78.02037845705968,4,car,low,0,10,20.0,14.268440143291787,14.268440143291787,,1,1.0,1,14.27,13.94
22,BHMBCCMKT01,0,2016-10-05 10:04:00,577,114,19.75736568457539,3,car,low,0,10,20.0,12.211249933444073,12.211249933444073,,1,1.0,1,12.21,12.14
15766,Others-CCCPS98,12,2016-10-05 10:04:00,3103,1112,35.83628746374477,4,bike,low,0,10,20.0,12.826204133005747,12.826204133005747,,1,0.7,1,12.83,12.9
2646,BHMEURBRD01,2,2016-10-05 10:04:00,470,383,81.48936170212767,3,bike,low,0,10,20.0,14.166457929849962,14.166457929849962,,1,0.7,1,14.17,13.8
11830,Others-CCCPS135a,9,2016-10-05 10:04:00,3883,2957,76.15245943857842,4,car,low,0,10,20.0,14.214727724174852,14.214727724174852,,1,1.0,1,14.21,13.81
10518,Others-CCCPS119a,8,2016-10-05 10:04:00,2803,547,19.51480556546557,4,car,average,0,10,17.69461291473421,12.884790375958824,12.884790375958824,,2,1.0,1,12.88,12.23
2647,BHMEURBRD01,2,2016-10-05 10:30:00,470,404,85.95744680851064,4,bike,average,0,10,20.0,14.808388811449952,14.067969370877456,0.0,2,0.7,1,14.81,14.24
17079,Shopping,13,2016-10-05 10:30:00,1920,1379,71.82291666666667,5,car,average,0,10,20.0,14.62219096206715,14.62219096206715,,2,1.0,1,14.62,14.11
13143,Others-CCCPS202,10,2016-10-05 10:30:00,2937,1288,43.85427306775622,7,car,high,0,10,20.0,14.48789096606282,14.48789096606282,,3,1.0,1,14.49,13.75
6583,BHMNCPNST01,5,2016-10-05 10:30:00,485,355,73.19587628865979,3,car,average,0,10,20.0,14.442219971633858,14.442219971633858,,2,1.0,1,14.44,14.05
9207,Others-CCCPS105a,7,2016-10-05 10:30:00,2009,1339,66.65007466401195,4,car,average,0,10,20.0,14.371288581221595,14.371288581221595,,2,1.0,1,14.37,14.2
10519,Others-CCCPS119a,8,2016-10-05 10:30:00,2803,586,20.90617195861577,5,bike,average,0,10,18.112736353906527,12.96764572487428,12.96764572487428,,2,0.7,1,12.97,12.59
1335,BHMBCCTHL01,1,2016-10-05 10:30:00,387,337,87.08010335917312,5,bike,high,0,10,20.0,15.291660368545257,14.527077350117994,0.0,3,0.7,1,15.29,14.15
23,BHMBCCMKT01,0,2016-10-05 10:30:00,577,128,22.183708838821488,4,truck,high,0,10,20.0,13.639561323358793,13.639561323358793,,3,1.5,1,13.64,12.76
7895,Broad Street,6,2016-10-05 10:30:00,690,598,86.66666666666667,4,bike,average,0,10,20.0,14.826470496857338,14.08514697201447,0.0,2,0.7,1,14.83,14.34
15767,Others-CCCPS98,12,2016-10-05 10:30:00,3103,1182,38.09216886883661,6,car,high,0,10,20.0,14.212985198098856,14.212985198098856,,3,1.0,1,14.21,13.24
14455,Others-CCCPS8,11,2016-10-05 10:30:00,1322,761,57.5642965204236,4,car,average,0,10,20.0,14.110060548846594,14.110060548846594,,2,1.0,1,14.11,13.57
5271,BHMNCPHST01,4,2016-10-05 10:30:00,1200,736,61.33333333333333,5,truck,average,0,10,20.0,14.4735902210933,14.4735902210933,,2,1.5,1,14.47,13.98
3959,BHMMBMMBX01,3,2016-10-05 10:30:00,687,578,84.13391557496361,4,cycle,average,0,10,20.0,14.709575640656322,14.709575640656322,,2,0.5,1,14.71,14.23
11831,Others-CCCPS135a,9,2016-10-05 10:30:00,3883,3117,80.27298480556271,5,car,average,0,10,20.0,14.841867470425756,14.841867470425756,,2,1.0,1,14.84,14.28
3960,BHMMBMMBX01,3,2016-10-05 11:04:00,687,619,90.1018922852984,5,car,average,0,11,20.0,15.083622332003754,15.083622332003754,,2,1.0,1,15.08,14.69
13144,Others-CCCPS202,10,2016-10-05 11:04:00,2937,1330,45.28430371127,6,car,average,0,11,20.0,13.982667294224337,13.982667294224337,,2,1.0,1,13.98,13.92
7896,Broad Street,6,2016-10-05 11:04:00,690,624,90.43478260869566,6,car,average,0,11,20.0,15.185534120802,14.4262574147619,0.0,2,1.0,1,15.19,14.77
5272,BHMNCPHST01,4,2016-10-05 11:04:00,1200,757,63.083333333333336,5,bike,average,0,11,20.0,14.298767931073712,14.298767931073712,,2,0.7,1,14.3,14.34
2648,BHMEURBRD01,2,2016-10-05 11:04:00,470,420,89.36170212765957,5,car,average,0,11,20.0,15.065928753921709,14.31263231622562,0.0,2,1.0,1,15.07,14.68
17080,Shopping,13,2016-10-05 11:04:00,1920,1410,73.4375,7,bike,average,0,11,20.0,14.795083606141826,14.795083606141826,,2,0.7,1,14.8,14.51
6584,BHMNCPNST01,5,2016-10-05 11:04:00,485,367,75.6701030927835,6,truck,average,0,11,20.0,14.951843202307018,14.951843202307018,,2,1.5,1,14.95,14.48
9208,Others-CCCPS105a,7,2016-10-05 11:04:00,2009,1411,70.23394723743156,9,car,high,0,11,20.0,15.33977500948903,15.33977500948903,,3,1.0,1,15.34,14.69
11832,Others-CCCPS135a,9,2016-10-05 11:04:00,3883,3177,81.81818181818183,10,car,high,0,11,20.0,15.667702666528466,15.194452716960036,,3,1.0,1,15.67,14.65
1336,BHMBCCTHL01,1,2016-10-05 11:04:00,387,339,87.59689922480621,5,car,average,0,11,20.0,15.02340717741216,14.272236818541552,0.0,2,1.0,1,15.02,14.59
24,BHMBCCMKT01,0,2016-10-05 11:04:00,577,148,25.64991334488735,4,bike,average,0,11,20.0,12.99326612466968,12.99326612466968,,2,0.7,1,12.99,12.95
15768,Others-CCCPS98,12,2016-10-05 11:04:00,3103,1250,40.28359651949726,6,bike,average,0,11,20.0,13.73719656476444,13.73719656476444,,2,0.7,1,13.74,13.59
14456,Others-CCCPS8,11,2016-10-05 11:04:00,1322,792,59.90922844175491,8,car,high,0,11,20.0,15.006710056447648,15.006710056447648,,3,1.0,1,15.01,14.17
10520,Others-CCCPS119a,8,2016-10-05 11:04:00,2803,603,21.512665001783805,5,car,average,0,11,18.542989653942204,13.09121416123498,13.09121416123498,,2,1.0,1,13.09,12.98
6585,BHMNCPNST01,5,2016-10-05 11:30:00,485,366,75.4639175257732,5,car,average,0,11,20.0,14.718192667442215,14.718192667442215,,2,1.0,1,14.72,14.7
9209,Others-CCCPS105a,7,2016-10-05 11:30:00,2009,1436,71.4783474365356,7,bike,average,0,11,20.0,14.744576605098548,14.744576605098548,,2,0.7,1,14.74,14.82
13145,Others-CCCPS202,10,2016-10-05 11:30:00,2937,1340,45.62478719782091,6,car,average,0,11,20.0,13.992902557909163,13.992902557909163,,2,1.0,1,13.99,14.15
15769,Others-CCCPS98,12,2016-10-05 11:30:00,3103,1259,40.57363841443764,6,truck,average,0,11,20.0,13.991366084800656,13.991366084800656,,2,1.5,1,13.99,13.98
14457,Others-CCCPS8,11,2016-10-05 11:30:00,1322,796,60.21180030257186,6,bike,average,0,11,20.0,14.330775851452929,14.330775851452929,,2,0.7,1,14.33,14.48
2649,BHMEURBRD01,2,2016-10-05 11:30:00,470,429,91.27659574468086,8,cycle,high,0,11,20.0,15.596253995251042,14.816441295488488,0.0,3,0.5,1,15.6,15.16
3961,BHMMBMMBX01,3,2016-10-05 11:30:00,687,640,93.15866084425036,6,cycle,average,0,11,20.0,15.13235196705632,15.13235196705632,,2,0.5,1,15.13,14.97
7897,Broad Street,6,2016-10-05 11:30:00,690,634,91.88405797101449,5,car,average,0,11,20.0,15.125882985723894,14.3695888364377,0.0,2,1.0,1,15.13,15.05
17081,Shopping,13,2016-10-05 11:30:00,1920,1430,74.47916666666666,6,car,average,0,11,20.0,14.796151367928536,14.796151367928536,,2,1.0,1,14.8,14.74
1337,BHMBCCTHL01,1,2016-10-05 11:30:00,387,340,87.85529715762273,5,truck,average,0,11,20.0,15.148711968444976,14.391276370022728,0.0,2,1.5,1,15.15,14.9
11833,Others-CCCPS135a,9,2016-10-05 11:30:00,3883,3194,82.2559876384239,6,car,average,0,11,20.0,14.99078222405149,14.99078222405149,,2,1.0,1,14.99,14.91
25,BHMBCCMKT01,0,2016-10-05 11:30:00,577,162,28.07625649913345,4,car,average,0,11,20.0,13.178012747087736,13.178012747087736,,2,1.0,1,13.18,13.27
10521,Others-CCCPS119a,8,2016-10-05 11:30:00,2803,593,21.155904388155548,5,car,average,0,11,18.966107741705315,13.079066040992286,13.079066040992286,,2,1.0,1,13.08,13.05
5273,BHMNCPHST01,4,2016-10-05 11:30:00,1200,774,64.5,6,car,average,0,11,20.0,14.532794959824656,14.532794959824656,,2,1.0,1,14.53,14.43
2650,BHMEURBRD01,2,2016-10-05 12:04:00,470,447,95.1063829787234,8,car,high,0,12,20.0,15.771099667468018,14.982544684094616,0.0,3,1.0,1,15.77,15.48
3962,BHMMBMMBX01,3,2016-10-05 12:04:00,687,650,94.61426491994176,9,car,high,0,12,20.0,15.837547336796556,15.837547336796556,,3,1.0,1,15.84,15.35
11834,Others-CCCPS135a,9,2016-10-05 12:04:00,3883,3213,82.7453000257533,10,bike,high,0,12,20.0,15.626100204843834,15.16117074761233,,3,0.7,1,15.63,14.91
6586,BHMNCPNST01,5,2016-10-05 12:04:00,485,369,76.08247422680412,8,car,high,0,12,20.0,15.380521422020422,15.380521422020422,,3,1.0,1,15.38,15.02
15770,Others-CCCPS98,12,2016-10-05 12:04:00,3103,1264,40.73477280051563,9,bike,high,0,12,20.0,14.539166820931271,14.539166820931271,,3,0.7,1,14.54,14.09
13146,Others-CCCPS202,10,2016-10-05 12:04:00,2937,1359,46.27170582226762,10,car,high,0,12,20.0,14.867106261863,14.867106261863,,3,1.0,1,14.87,14.28
5274,BHMNCPHST01,4,2016-10-05 12:04:00,1200,779,64.91666666666667,9,truck,high,0,12,20.0,15.332730510460571,15.332730510460571,,3,1.5,1,15.33,14.72
26,BHMBCCMKT01,0,2016-10-05 12:04:00,577,178,30.84922010398613,6,car,high,0,12,20.0,13.999639726299584,13.999639726299584,,3,1.0,1,14.0,13.39
14458,Others-CCCPS8,11,2016-10-05 12:04:00,1322,809,61.195158850226925,9,bike,high,0,12,20.0,15.061936234538686,15.061936234538686,,3,0.7,1,15.06,14.8
10522,Others-CCCPS119a,8,2016-10-05 12:04:00,2803,582,20.763467713164463,8,bike,high,0,12,19.3813770959686,13.845126938516504,13.845126938516504,,3,0.7,1,13.85,13.34
7898,Broad Street,6,2016-10-05 12:04:00,690,653,94.6376811594203,8,cycle,high,0,12,20.0,15.664104212977746,14.880899002328858,1.0,3,0.5,1,15.66,15.33
1338,BHMBCCTHL01,1,2016-10-05 12:04:00,387,337,87.08010335917312,8,car,high,0,12,20.0,15.61262052865704,14.831989502224188,0.0,3,1.0,1,15.61,15.26
17082,Shopping,13,2016-10-05 12:04:00,1920,1446,75.3125,9,car,high,0,12,20.0,15.45051281970304,15.45051281970304,,3,1.0,1,15.45,15.02
9210,Others-CCCPS105a,7,2016-10-05 12:04:00,2009,1459,72.6231956197113,6,bike,average,0,12,20.0,14.669913681079962,14.669913681079962,,2,0.7,1,14.67,14.92
6587,BHMNCPNST01,5,2016-10-05 12:17:00,485,376,77.5257731958763,8,car,high,0,12,20.0,15.411985421645102,15.411985421645102,,3,1.0,1,15.41,15.17
7899,Broad Street,6,2016-10-05 12:30:00,690,662,95.94202898550724,8,car,high,0,12,20.0,15.78708243792962,14.997728316033138,1.0,3,1.0,1,15.79,15.53
5275,BHMNCPHST01,4,2016-10-05 12:30:00,1200,770,64.16666666666667,9,car,high,0,12,20.0,15.20246911905724,15.20246911905724,,3,1.0,1,15.2,15.02
15771,Others-CCCPS98,12,2016-10-05 12:30:00,3103,1278,41.185949081534,9,truck,high,0,12,20.0,14.762886658565328,14.762886658565328,,3,1.5,1,14.76,14.43
27,BHMBCCMKT01,0,2016-10-05 12:30:00,577,183,31.7157712305026,7,car,high,0,12,20.0,14.14386205807406,14.14386205807406,,3,1.0,1,14.14,13.77
14459,Others-CCCPS8,11,2016-10-05 12:30:00,1322,811,61.3464447806354,9,bike,high,0,12,20.0,15.065563166738183,15.065563166738183,,3,0.7,1,15.07,14.82
2651,BHMEURBRD01,2,2016-10-05 12:30:00,470,450,95.74468085106383,9,car,high,0,12,20.0,15.858601206906794,15.065671146561456,0.0,3,1.0,1,15.86,15.74
1339,BHMBCCTHL01,1,2016-10-05 12:30:00,387,336,86.82170542635659,8,bike,high,0,12,20.0,15.545678159231286,14.768394251269722,0.0,3,0.7,1,15.55,15.44
17083,Shopping,13,2016-10-05 12:30:00,1920,1437,74.84375,7,car,average,0,12,20.0,14.90652389468504,14.90652389468504,,2,1.0,1,14.91,15.05
11835,Others-CCCPS135a,9,2016-10-05 12:30:00,3883,3190,82.15297450424929,11,bike,high,0,12,20.0,15.614100276731438,15.151570805122414,,3,0.7,1,15.61,15.15
13147,Others-CCCPS202,10,2016-10-05 12:30:00,2937,1371,46.6802860061287,10,car,high,0,12,20.0,14.877387462305144,14.877387462305144,,3,1.0,1,14.88,14.58
9211,Others-CCCPS105a,7,2016-10-05 12:30:00,2009,1472,73.2702837232454,9,car,high,0,12,20.0,15.406438039844051,15.406438039844051,,3,1.0,1,15.41,14.94
3963,BHMMBMMBX01,3,2016-10-05 12:30:00,687,661,96.21542940320232,9,car,high,0,12,20.0,15.867317608067191,15.867317608067191,,3,1.0,1,15.87,15.61
10523,Others-CCCPS119a,8,2016-10-05 12:30:00,2803,580,20.692115590438814,8,truck,high,0,12,19.795219407777378,14.084324189816462,14.084324189816462,,3,1.5,1,14.08,13.67
5276,BHMNCPHST01,4,2016-10-05 12:57:00,1200,756,63.0,8,car,high,0,12,20.0,15.081191619098298,15.081191619098298,,3,1.0,1,15.08,15.2
9212,Others-CCCPS105a,7,2016-10-05 12:57:00,2009,1490,74.16625186660029,7,truck,average,0,12,20.0,15.012959186718572,15.012959186718572,,2,1.5,1,15.01,15.03
2652,BHMEURBRD01,2,2016-10-05 12:57:00,470,451,95.95744680851064,8,bike,high,0,12,20.0,15.72955403976553,14.943076337777253,0.0,3,0.7,1,15.73,15.79
1340,BHMBCCTHL01,1,2016-10-05 12:57:00,387,343,88.63049095607235,8,car,high,0,12,20.0,15.643940351414338,14.86174333384362,0.0,3,1.0,1,15.64,15.6
6588,BHMNCPNST01,5,2016-10-05 12:57:00,485,373,76.90721649484537,8,car,high,0,12,20.0,15.398538355323234,15.398538355323234,,3,1.0,1,15.4,15.4
13148,Others-CCCPS202,10,2016-10-05 12:57:00,2937,1381,47.020769492679605,9,car,high,0,12,20.0,14.784389678294056,14.784389678294056,,3,1.0,1,14.78,14.84
11836,Others-CCCPS135a,9,2016-10-05 12:57:00,3883,3145,80.99407674478496,11,bike,high,0,12,20.0,15.590477497675275,15.132672581877484,,3,0.7,1,15.59,15.35
14460,Others-CCCPS8,11,2016-10-05 12:57:00,1322,827,62.556732223903175,9,bike,high,0,12,20.0,15.094453678750606,15.094453678750606,,3,0.7,1,15.09,15.07
10524,Others-CCCPS119a,8,2016-10-05 12:57:00,2803,586,20.90617195861577,9,car,high,0,12,20.0,14.06103413749038,14.06103413749038,,3,1.0,1,14.06,14.0
17084,Shopping,13,2016-10-05 12:57:00,1920,1418,73.85416666666667,9,bike,high,0,12,20.0,15.353502553786802,15.353502553786802,,3,0.7,1,15.35,15.24
7900,Broad Street,6,2016-10-05 12:57:00,690,665,96.37681159420288,6,car,average,0,12,20.0,15.320709962074323,14.554674463970608,0.0,2,1.0,1,15.32,15.59
28,BHMBCCMKT01,0,2016-10-05 12:57:00,577,175,30.32928942807625,7,car,high,0,12,20.0,14.10313726403672,14.10313726403672,,3,1.0,1,14.1,14.08
3964,BHMMBMMBX01,3,2016-10-05 12:57:00,687,663,96.50655021834062,8,bike,high,0,12,20.0,15.740230998009372,15.740230998009372,,3,0.7,1,15.74,15.82
15772,Others-CCCPS98,12,2016-10-05 12:57:00,3103,1279,41.2181759587496,9,car,high,0,12,20.0,14.632711447115824,14.632711447115824,,3,1.0,1,14.63,14.64
6589,BHMNCPNST01,5,2016-10-05 13:30:00,485,372,76.70103092783506,7,truck,high,0,13,20.0,15.415785210876525,15.415785210876525,,3,1.5,1,15.42,15.41
29,BHMBCCMKT01,0,2016-10-05 13:30:00,577,179,31.022530329289427,6,truck,high,0,13,20.0,14.152833073752388,14.152833073752388,,3,1.5,1,14.15,14.13
5277,BHMNCPHST01,4,2016-10-05 13:30:00,1200,761,63.41666666666666,8,car,high,0,13,20.0,15.0911215619684,15.0911215619684,,3,1.0,1,15.09,15.12
3965,BHMMBMMBX01,3,2016-10-05 13:30:00,687,638,92.86754002911208,8,car,high,0,13,20.0,15.72780185510311,15.72780185510311,,3,1.0,1,15.73,15.78
9213,Others-CCCPS105a,7,2016-10-05 13:30:00,2009,1462,72.77252364360378,9,car,high,0,13,20.0,15.395602756089698,15.395602756089698,,3,1.0,1,15.4,15.27
7901,Broad Street,6,2016-10-05 13:30:00,690,669,96.95652173913044,7,car,high,0,13,20.0,15.72953601691992,14.943059216073925,1.0,3,1.0,1,15.73,15.61
11837,Others-CCCPS135a,9,2016-10-05 13:30:00,3883,3146,81.01983002832861,7,cycle,average,0,13,20.0,14.93576571991964,14.93576571991964,,2,0.5,1,14.94,15.38
14461,Others-CCCPS8,11,2016-10-05 13:30:00,1322,824,62.32980332829047,8,car,high,0,13,20.0,15.065164374200304,15.065164374200304,,3,1.0,1,15.07,15.08
15773,Others-CCCPS98,12,2016-10-05 13:30:00,3103,1248,40.21914276506606,9,car,high,0,13,20.0,14.60607407954817,14.60607407954817,,3,1.0,1,14.61,14.67
1341,BHMBCCTHL01,1,2016-10-05 13:30:00,387,345,89.14728682170544,7,car,high,0,13,20.0,15.573095260930083,14.794440497883578,0.0,3,1.0,1,15.57,15.59
13149,Others-CCCPS202,10,2016-10-05 13:30:00,2937,1386,47.19101123595505,6,car,average,0,13,20.0,14.03976070245917,14.03976070245917,,2,1.0,1,14.04,14.57
17085,Shopping,13,2016-10-05 13:30:00,1920,1427,74.32291666666667,6,car,average,0,13,20.0,14.792145886033165,14.792145886033165,,2,1.0,1,14.79,15.02
2653,BHMEURBRD01,2,2016-10-05 13:30:00,470,454,96.59574468085106,8,car,high,0,13,20.0,15.799518398677437,15.009542478743564,0.0,3,1.0,1,15.8,15.8
10525,Others-CCCPS119a,8,2016-10-05 13:30:00,2803,583,20.79914377452729,8,car,high,0,13,20.0,13.937819094799526,13.937819094799526,,3,1.0,1,13.94,14.03
10526,Others-CCCPS119a,8,2016-10-05 13:57:00,2803,579,20.65643952907599,5,car,average,0,13,20.0,13.062030639460144,13.062030639460144,,2,1.0,1,13.06,13.69
30,BHMBCCMKT01,0,2016-10-05 13:57:00,577,174,30.155979202772965,4,car,average,0,13,20.0,13.247782984849891,13.247782984849891,,2,1.0,1,13.25,13.83
9214,Others-CCCPS105a,7,2016-10-05 13:57:00,2009,1453,72.32453957192632,6,car,average,0,13,20.0,14.740586452622804,14.740586452622804,,2,1.0,1,14.74,15.05
15774,Others-CCCPS98,12,2016-10-05 13:57:00,3103,1237,39.86464711569449,7,car,average,0,13,20.0,13.939804081952198,13.939804081952198,,2,1.0,1,13.94,14.39
17086,Shopping,13,2016-10-05 13:57:00,1920,1422,74.0625,6,car,average,0,13,20.0,14.785461747692636,14.785461747692636,,2,1.0,1,14.79,14.98
2654,BHMEURBRD01,2,2016-10-05 13:57:00,470,455,96.80851063829788,5,car,average,0,13,20.0,15.240167258782373,14.478158895843253,0.0,2,1.0,1,15.24,15.59
14462,Others-CCCPS8,11,2016-10-05 13:57:00,1322,818,61.87594553706506,6,bike,average,0,13,20.0,14.377622019105454,14.377622019105454,,2,0.7,1,14.38,14.85
13150,Others-CCCPS202,10,2016-10-05 13:57:00,2937,1375,46.81647940074906,6,car,average,0,13,20.0,14.028589024419809,14.028589024419809,,2,1.0,1,14.03,14.28
6590,BHMNCPNST01,5,2016-10-05 13:57:00,485,368,75.87628865979381,7,car,high,0,13,20.0,15.287071658930822,15.287071658930822,,3,1.0,1,15.29,15.37
5278,BHMNCPHST01,4,2016-10-05 13:57:00,1200,764,63.66666666666667,5,bike,average,0,13,20.0,14.31533796454653,14.31533796454653,,2,0.7,1,14.32,14.83
3966,BHMMBMMBX01,3,2016-10-05 13:57:00,687,635,92.43085880640466,6,bike,average,0,13,20.0,15.16217340311127,15.16217340311127,,2,0.7,1,15.16,15.54
7902,Broad Street,6,2016-10-05 13:57:00,690,662,95.94202898550724,6,car,average,0,13,20.0,15.31099755280573,14.545447675165445,0.0,2,1.0,1,15.31,15.45
11838,Others-CCCPS135a,9,2016-10-05 13:57:00,3883,3140,80.8653103270667,7,car,average,0,13,20.0,15.054016394936038,15.054016394936038,,2,1.0,1,15.05,15.19
1342,BHMBCCTHL01,1,2016-10-05 13:57:00,387,345,89.14728682170544,5,car,average,0,13,20.0,15.06078782604375,14.307748434741562,0.0,2,1.0,1,15.06,15.42
11839,Others-CCCPS135a,9,2016-10-05 14:30:00,3883,3072,79.11408704609838,5,bike,average,0,14,20.0,14.735120903895812,14.735120903895812,,2,0.7,1,14.74,14.91
1343,BHMBCCTHL01,1,2016-10-05 14:30:00,387,336,86.82170542635659,4,car,average,0,14,20.0,14.905973762397382,14.160675074277512,0.0,2,1.0,1,14.91,15.18
5279,BHMNCPHST01,4,2016-10-05 14:30:00,1200,767,63.91666666666666,4,car,average,0,14,20.0,14.29402407936012,14.29402407936012,,2,1.0,1,14.29,14.57
15775,Others-CCCPS98,12,2016-10-05 14:30:00,3103,1192,38.41443764099259,4,car,average,0,14,20.0,13.518976663659586,13.518976663659586,,2,1.0,1,13.52,14.02
3967,BHMMBMMBX01,3,2016-10-05 14:30:00,687,620,90.24745269286754,4,bike,average,0,14,20.0,14.916585327055936,14.916585327055936,,2,0.7,1,14.92,15.27
2655,BHMEURBRD01,2,2016-10-05 14:30:00,470,447,95.1063829787234,4,car,average,0,14,20.0,15.10750100567381,14.35212595539012,0.0,2,1.0,1,15.11,15.38
31,BHMBCCMKT01,0,2016-10-05 14:30:00,577,158,27.38301559792028,5,car,high,0,14,20.0,13.77148793065608,13.77148793065608,,3,1.0,1,13.77,13.72
14463,Others-CCCPS8,11,2016-10-05 14:30:00,1322,794,60.06051437216339,4,car,average,0,14,20.0,14.183082483543728,14.183082483543728,,2,1.0,1,14.18,14.54
6591,BHMNCPNST01,5,2016-10-05 14:30:00,485,361,74.43298969072166,4,car,average,0,14,20.0,14.58500473115948,14.58500473115948,,2,1.0,1,14.59,15.1
17087,Shopping,13,2016-10-05 14:30:00,1920,1409,73.38541666666667,4,car,average,0,14,20.0,14.556781318690955,14.556781318690955,,2,1.0,1,14.56,14.71
10527,Others-CCCPS119a,8,2016-10-05 14:30:00,2803,547,19.51480556546557,4,car,average,0,14,20.0,12.884790375958824,12.884790375958824,,2,1.0,1,12.88,13.29
7903,Broad Street,6,2016-10-05 14:30:00,690,653,94.6376811594203,4,bike,average,0,14,20.0,15.024395130404496,14.273175373884271,0.0,2,0.7,1,15.02,15.35
9215,Others-CCCPS105a,7,2016-10-05 14:30:00,2009,1414,70.38327526132404,7,bike,high,0,14,20.0,15.090326752036894,15.090326752036894,,3,0.7,1,15.09,15.08
13151,Others-CCCPS202,10,2016-10-05 14:30:00,2937,1350,45.96527068437181,5,truck,average,0,14,20.0,14.033029753452904,14.033029753452904,,2,1.5,1,14.03,14.03
9216,Others-CCCPS105a,7,2016-10-05 14:57:00,2009,1355,67.44649079143853,5,bike,average,0,14,20.0,14.421443836548844,14.421443836548844,,2,0.7,1,14.42,14.75
17088,Shopping,13,2016-10-05 14:57:00,1920,1378,71.77083333333333,5,bike,average,0,14,20.0,14.54014477187625,14.54014477187625,,2,0.7,1,14.54,14.63
32,BHMBCCMKT01,0,2016-10-05 14:57:00,577,145,25.12998266897747,3,car,average,0,14,20.0,12.94083208407101,12.94083208407101,,2,1.0,1,12.94,13.32
15776,Others-CCCPS98,12,2016-10-05 14:57:00,3103,1135,36.57750563970351,7,bike,high,0,14,20.0,14.198087815472435,14.198087815472435,,3,0.7,1,14.2,13.89
1344,BHMBCCTHL01,1,2016-10-05 14:57:00,387,326,84.23772609819122,6,bike,high,0,14,20.0,15.31760604714828,14.730769835955105,,3,0.7,1,15.32,14.84
10528,Others-CCCPS119a,8,2016-10-05 14:57:00,2803,521,18.587227970032107,5,car,average,0,14,20.0,12.991109480910753,12.991109480910753,,2,1.0,1,12.99,12.98
2656,BHMEURBRD01,2,2016-10-05 14:57:00,470,435,92.5531914893617,4,bike,average,0,14,20.0,14.973573462352904,14.224894789235258,0.0,2,0.7,1,14.97,15.11
5280,BHMNCPHST01,4,2016-10-05 14:57:00,1200,747,62.25000000000001,6,car,high,0,14,20.0,14.866559357375452,14.866559357375452,,3,1.0,1,14.87,14.49
7904,Broad Street,6,2016-10-05 14:57:00,690,632,91.59420289855072,6,car,high,0,14,20.0,15.540947290337192,14.763899925820333,1.0,3,1.0,1,15.54,15.29
14464,Others-CCCPS8,11,2016-10-05 14:57:00,1322,771,58.32072617246597,5,truck,average,0,14,20.0,14.390070832925767,14.390070832925767,,2,1.5,1,14.39,14.32
6592,BHMNCPNST01,5,2016-10-05 14:57:00,485,356,73.4020618556701,4,bike,average,0,14,20.0,14.475479333536928,14.475479333536928,,2,0.7,1,14.48,14.79
3968,BHMMBMMBX01,3,2016-10-05 14:57:00,687,584,85.00727802037845,5,car,average,0,14,20.0,14.960154154816026,14.960154154816026,,2,1.0,1,14.96,15.01
11840,Others-CCCPS135a,9,2016-10-05 14:57:00,3883,2963,76.30697913984032,6,car,average,0,14,20.0,14.842729059957753,14.842729059957753,,2,1.0,1,14.84,14.88
13152,Others-CCCPS202,10,2016-10-05 14:57:00,2937,1314,44.73953013278856,6,car,high,0,14,20.0,14.401764853841623,14.401764853841623,,3,1.0,1,14.4,14.15
7905,Broad Street,6,2016-10-05 15:30:00,690,592,85.79710144927536,3,car,low,0,15,20.0,14.375412113086693,13.656641507432358,0.0,1,1.0,1,14.38,14.98
1345,BHMBCCTHL01,1,2016-10-05 15:30:00,387,306,79.06976744186046,2,car,average,0,15,20.0,14.49379447799774,14.07172058063467,,2,1.0,1,14.49,14.65
14465,Others-CCCPS8,11,2016-10-05 15:30:00,1322,708,53.5552193645991,2,car,low,0,15,20.0,13.261109759257138,13.261109759257138,,1,1.0,1,13.26,13.94
5281,BHMNCPHST01,4,2016-10-05 15:30:00,1200,698,58.16666666666666,4,car,average,0,15,20.0,14.127768153247056,14.127768153247056,,2,1.0,1,14.13,14.43
10529,Others-CCCPS119a,8,2016-10-05 15:30:00,2803,482,17.195861576881914,2,truck,low,0,15,20.0,12.153438165469312,12.153438165469312,,1,1.5,1,12.15,12.67
9217,Others-CCCPS105a,7,2016-10-05 15:30:00,2009,1263,62.86709805873569,3,bike,low,0,15,20.0,13.597672268638746,13.597672268638746,,1,0.7,1,13.6,14.37
6593,BHMNCPNST01,5,2016-10-05 15:30:00,485,325,67.0103092783505,2,car,low,0,15,20.0,13.697261558698289,13.697261558698289,,1,1.0,1,13.7,14.26
17089,Shopping,13,2016-10-05 15:30:00,1920,1303,67.86458333333333,2,car,low,0,15,20.0,13.724080848509082,13.724080848509082,,1,1.0,1,13.72,14.27
11841,Others-CCCPS135a,9,2016-10-05 15:30:00,3883,2782,71.64563481843935,3,car,low,0,15,20.0,13.963421467355955,13.963421467355955,,1,1.0,1,13.96,14.51
33,BHMBCCMKT01,0,2016-10-05 15:30:00,577,129,22.357019064124785,2,car,low,0,15,20.0,12.159416082694896,12.159416082694896,,1,1.0,1,12.16,12.96
2657,BHMEURBRD01,2,2016-10-05 15:30:00,470,403,85.74468085106382,3,truck,low,0,15,20.0,14.512237653400335,13.786625770730318,0.0,1,1.5,1,14.51,14.86
3969,BHMMBMMBX01,3,2016-10-05 15:30:00,687,555,80.78602620087337,3,car,low,0,15,20.0,14.2330056814511,14.2330056814511,,1,1.0,1,14.23,14.7
13153,Others-CCCPS202,10,2016-10-05 15:30:00,2937,1223,41.64113040517535,4,car,average,0,15,20.0,13.622328968919836,13.622328968919836,,2,1.0,1,13.62,14.02
15777,Others-CCCPS98,12,2016-10-05 15:30:00,3103,1056,34.03158233967128,3,car,low,0,15,20.0,12.727535063656594,12.727535063656594,,1,1.0,1,12.73,13.48
6594,BHMNCPNST01,5,2016-10-05 15:57:00,485,316,65.15463917525773,2,bike,low,0,15,20.0,13.54281701652615,13.54281701652615,,1,0.7,1,13.54,13.91
2658,BHMEURBRD01,2,2016-10-05 16:04:00,470,374,79.57446808510639,2,car,low,0,16,20.0,14.080843845334805,14.080843845334805,,1,1.0,1,14.08,14.52
9218,Others-CCCPS105a,7,2016-10-05 16:04:00,2009,1198,59.63165754106521,2,car,low,0,16,20.0,13.461238421614574,13.461238421614574,,1,1.0,1,13.46,13.83
13154,Others-CCCPS202,10,2016-10-05 16:04:00,2937,1152,39.22369765066394,2,car,low,0,16,20.0,12.769590787407116,12.769590787407116,,1,1.0,1,12.77,13.6
11842,Others-CCCPS135a,9,2016-10-05 16:04:00,3883,2571,66.21169199072881,3,car,low,0,16,20.0,13.797217584473492,13.797217584473492,,1,1.0,1,13.8,14.2
14466,Others-CCCPS8,11,2016-10-05 16:04:00,1322,685,51.81543116490166,3,car,average,0,16,20.0,13.815899556926189,13.815899556926189,,2,1.0,1,13.82,13.82
3970,BHMMBMMBX01,3,2016-10-05 16:04:00,687,513,74.67248908296943,2,cycle,low,0,16,20.0,13.780487281934953,13.780487281934953,,1,0.5,1,13.78,14.32
1346,BHMBCCTHL01,1,2016-10-05 16:04:00,387,284,73.38501291989664,1,car,low,0,16,20.0,13.771550066898914,13.771550066898914,,1,1.0,1,13.77,14.27
17090,Shopping,13,2016-10-05 16:04:00,1920,1203,62.65625,2,car,low,0,16,20.0,13.558928524130344,13.558928524130344,,1,1.0,1,13.56,13.94
15778,Others-CCCPS98,12,2016-10-05 16:04:00,3103,992,31.969062197873026,2,car,low,0,16,20.0,12.511051866516349,12.511051866516349,,1,1.0,1,12.51,13.15
5282,BHMNCPHST01,4,2016-10-05 16:04:00,1200,641,53.41666666666667,2,car,low,0,16,20.0,13.256487275039673,13.256487275039673,,1,1.0,1,13.26,14.09
7906,Broad Street,6,2016-10-05 16:04:00,690,550,79.71014492753623,2,car,low,0,16,20.0,14.084857363718896,14.084857363718896,,1,1.0,1,14.08,14.67
10530,Others-CCCPS119a,8,2016-10-05 16:04:00,2803,445,15.875847306457366,3,car,low,0,16,20.0,12.067095984007953,12.067095984007953,,1,1.0,1,12.07,12.4
34,BHMBCCMKT01,0,2016-10-05 16:04:00,577,121,20.97053726169844,2,car,low,0,16,20.0,12.107902035783528,12.107902035783528,,1,1.0,1,12.11,12.4
7907,Broad Street,6,2016-10-05 16:30:00,690,494,71.59420289855073,2,bike,low,0,16,20.0,13.746902441210391,13.746902441210391,,1,0.7,1,13.75,14.07
14467,Others-CCCPS8,11,2016-10-05 16:30:00,1322,632,47.806354009077154,3,car,average,0,16,20.0,13.6908428350999,13.6908428350999,,2,1.0,1,13.69,13.59
6595,BHMNCPNST01,5,2016-10-05 16:30:00,485,299,61.64948453608248,2,truck,low,0,16,20.0,13.685901848165011,13.685901848165011,,1,1.5,1,13.69,13.64
11843,Others-CCCPS135a,9,2016-10-05 16:30:00,3883,2277,58.64022662889519,2,bike,low,0,16,20.0,13.330354704556653,13.330354704556653,,1,0.7,1,13.33,13.7
10531,Others-CCCPS119a,8,2016-10-05 16:30:00,2803,390,13.913663931501963,2,car,low,0,16,20.0,11.842870242399409,11.842870242399409,,1,1.0,1,11.84,12.02
13155,Others-CCCPS202,10,2016-10-05 16:30:00,2937,1054,35.8869594824651,3,car,average,0,16,20.0,13.30540669784253,13.30540669784253,,2,1.0,1,13.31,13.23
9219,Others-CCCPS105a,7,2016-10-05 16:30:00,2009,1097,54.60428073668492,2,truck,low,0,16,20.0,13.46034828348353,13.46034828348353,,1,1.5,1,13.46,13.51
35,BHMBCCMKT01,0,2016-10-05 16:30:00,577,114,19.75736568457539,1,bike,low,0,16,20.0,11.799014760078672,11.799014760078672,,1,0.7,1,11.8,12.02
3971,BHMMBMMBX01,3,2016-10-05 16:30:00,687,465,67.68558951965066,2,car,low,0,16,20.0,13.718470275933438,13.718470275933438,,1,1.0,1,13.72,13.91
2659,BHMEURBRD01,2,2016-10-05 16:30:00,470,335,71.27659574468085,2,bike,low,0,16,20.0,13.736977640997472,13.736977640997472,,1,0.7,1,13.74,14.11
